#
# There is insufficient memory for the Java Runtime Environment to continue.
# Native memory allocation (mmap) failed to map 281018368 bytes. Error detail: G1 virtual space
# Possible reasons:
#   The system is out of physical RAM or swap space
#   This process is running with CompressedOops enabled, and the Java Heap may be blocking the growth of the native heap
# Possible solutions:
#   Reduce memory load on the system
#   Increase physical memory or swap space
#   Check if swap backing store is full
#   Decrease Java heap size (-Xmx/-Xms)
#   Decrease number of Java threads
#   Decrease Java thread stack sizes (-Xss)
#   Set larger code cache with -XX:ReservedCodeCacheSize=
#   JVM is running with Zero Based Compressed Oops mode in which the Java heap is
#     placed in the first 32GB address space. The Java Heap base address is the
#     maximum limit for the native heap growth. Please use -XX:HeapBaseMinAddress
#     to set the Java Heap base and to place the Java Heap above 32GB virtual address.
# This output file may be truncated or incomplete.
#
#  Out of Memory Error (os_windows.cpp:3926), pid=5148, tid=14056
#
# JRE version: OpenJDK Runtime Environment (21.0.10) (build 21.0.10+-14961533-b1163.108)
# Java VM: OpenJDK 64-Bit Server VM (21.0.10+-14961533-b1163.108, mixed mode, tiered, compressed oops, compressed class ptrs, g1 gc, windows-amd64)
# No core dump will be written. Minidumps are not enabled by default on client versions of Windows
#

---------------  S U M M A R Y ------------

Command Line: --add-opens=java.base/java.lang=ALL-UNNAMED --add-opens=java.base/java.lang.invoke=ALL-UNNAMED --add-opens=java.base/java.util=ALL-UNNAMED --add-opens=java.prefs/java.util.prefs=ALL-UNNAMED --add-exports=jdk.compiler/com.sun.tools.javac.api=ALL-UNNAMED --add-exports=jdk.compiler/com.sun.tools.javac.util=ALL-UNNAMED --add-opens=java.base/java.util=ALL-UNNAMED --add-opens=java.prefs/java.util.prefs=ALL-UNNAMED --add-opens=java.base/java.nio.charset=ALL-UNNAMED --add-opens=java.base/java.net=ALL-UNNAMED --add-opens=java.base/java.util.concurrent=ALL-UNNAMED --add-opens=java.base/java.util.concurrent.atomic=ALL-UNNAMED --add-opens=java.xml/javax.xml.namespace=ALL-UNNAMED --add-opens=java.base/java.time=ALL-UNNAMED -Xmx3072m -Dfile.encoding=UTF-8 -Duser.country=US -Duser.language=en -Duser.variant -javaagent:C:\Users\delos\.gradle\wrapper\dists\gradle-9.4.1-bin\arn2x92ynaizyzdaamcbpbhtj\gradle-9.4.1\lib\agents\gradle-instrumentation-agent-9.4.1.jar org.gradle.launcher.daemon.bootstrap.GradleDaemon 9.4.1

Host: 12th Gen Intel(R) Core(TM) i5-1235U, 12 cores, 7G,  Windows 11 , 64 bit Build 26100 (10.0.26100.8521)
Time: Wed Jul  1 13:57:20 2026 SA Western Standard Time elapsed time: 19.933183 seconds (0d 0h 0m 19s)

---------------  T H R E A D  ---------------

Current thread (0x000001dc67713010):  VMThread "VM Thread"          [id=14056, stack(0x000000250e800000,0x000000250e900000) (1024K)]

Stack: [0x000000250e800000,0x000000250e900000]
Native frames: (J=compiled Java code, j=interpreted, Vv=VM code, C=native code)
V  [jvm.dll+0x6d78a9]
V  [jvm.dll+0x8665b3]
V  [jvm.dll+0x868bde]
V  [jvm.dll+0x8692c3]
V  [jvm.dll+0x280ee6]
V  [jvm.dll+0x6d4165]
V  [jvm.dll+0x6c77fa]
V  [jvm.dll+0x358f4b]
V  [jvm.dll+0x360bc6]
V  [jvm.dll+0x3b2ea6]
V  [jvm.dll+0x3b3178]
V  [jvm.dll+0x32b65c]
V  [jvm.dll+0x32b6e7]
V  [jvm.dll+0x3715cc]
V  [jvm.dll+0x36fd7e]
V  [jvm.dll+0x32adb1]
V  [jvm.dll+0x36f480]
V  [jvm.dll+0x86f048]
V  [jvm.dll+0x870394]
V  [jvm.dll+0x8708d0]
V  [jvm.dll+0x870b63]
V  [jvm.dll+0x80fd28]
V  [jvm.dll+0x6d60fd]
C  [ucrtbase.dll+0x2cd30]
C  [KERNEL32.DLL+0x2e957]
C  [ntdll.dll+0x87c1c]

VM_Operation (0x00000025143fe670): G1CollectForAllocation, mode: safepoint, requested by thread 0x000001dc73484220


---------------  P R O C E S S  ---------------

Threads class SMR info:
_java_thread_list=0x000001dc6d3feb10, length=85, elements={
0x000001dc4e808a10, 0x000001dc678a5dd0, 0x000001dc678c4e50, 0x000001dc678c58b0,
0x000001dc678c75e0, 0x000001dc678fbad0, 0x000001dc679066d0, 0x000001dc67907530,
0x000001dc679102d0, 0x000001dc678e33d0, 0x000001dc6c03e760, 0x000001dc6dadd910,
0x000001dc6eb0e5c0, 0x000001dc6ce66160, 0x000001dc6d64d880, 0x000001dc6eccc330,
0x000001dc6dbf5b70, 0x000001dc6d832d80, 0x000001dc6cf3f430, 0x000001dc6cf3d360,
0x000001dc6cf3ccd0, 0x000001dc6cf3d9f0, 0x000001dc6cf3bfb0, 0x000001dc6cf3e710,
0x000001dc6feacc20, 0x000001dc6feac590, 0x000001dc6feaa4c0, 0x000001dc6feab870,
0x000001dc6fead2b0, 0x000001dc6fea9e30, 0x000001dc6feaab50, 0x000001dc6feab1e0,
0x000001dc7113ff80, 0x000001dc7113d190, 0x000001dc7113d820, 0x000001dc7113cb00,
0x000001dc7113f260, 0x000001dc7113e540, 0x000001dc7113f8f0, 0x000001dc7113ebd0,
0x000001dc6f27fdd0, 0x000001dc6f27c950, 0x000001dc6f27ea20, 0x000001dc6f27f740,
0x000001dc6f27cfe0, 0x000001dc6f27d670, 0x000001dc6f27dd00, 0x000001dc6f27e390,
0x000001dc6f27f0b0, 0x000001dc6eb62a00, 0x000001dc6eb63090, 0x000001dc6eb63db0,
0x000001dc6eb62370, 0x000001dc6eb64440, 0x000001dc6feabf00, 0x000001dc724a3490,
0x000001dc724a4840, 0x000001dc72739860, 0x000001dc721ca7a0, 0x000001dc721cbb50,
0x000001dc721cc870, 0x000001dc721ccf00, 0x000001dc6c59f6b0, 0x000001dc6c59cf50,
0x000001dc6c59fd40, 0x000001dc6c59c8c0, 0x000001dc6c5a03d0, 0x000001dc6c59dc70,
0x000001dc6c59f020, 0x000001dc6c5a0a60, 0x000001dc6c59e300, 0x000001dc6c59e990,
0x000001dc6c59d5e0, 0x000001dc73483500, 0x000001dc73480710, 0x000001dc73482150,
0x000001dc734827e0, 0x000001dc73482e70, 0x000001dc73481ac0, 0x000001dc73483b90,
0x000001dc73484220, 0x000001dc73480da0, 0x000001dc734848b0, 0x000001dc73481430,
0x000001dc734862f0
}

Java Threads: ( => current thread )
  0x000001dc4e808a10 JavaThread "main"                              [_thread_blocked, id=2792, stack(0x000000250e100000,0x000000250e200000) (1024K)]
  0x000001dc678a5dd0 JavaThread "Common-Cleaner"             daemon [_thread_blocked, id=12056, stack(0x000000250e900000,0x000000250ea00000) (1024K)]
  0x000001dc678c4e50 JavaThread "Reference Handler"          daemon [_thread_blocked, id=3492, stack(0x000000250ea00000,0x000000250eb00000) (1024K)]
  0x000001dc678c58b0 JavaThread "Finalizer"                  daemon [_thread_blocked, id=17480, stack(0x000000250eb00000,0x000000250ec00000) (1024K)]
  0x000001dc678c75e0 JavaThread "Signal Dispatcher"          daemon [_thread_blocked, id=17548, stack(0x000000250ec00000,0x000000250ed00000) (1024K)]
  0x000001dc678fbad0 JavaThread "Attach Listener"            daemon [_thread_blocked, id=11020, stack(0x000000250ed00000,0x000000250ee00000) (1024K)]
  0x000001dc679066d0 JavaThread "Service Thread"             daemon [_thread_blocked, id=17900, stack(0x000000250ee00000,0x000000250ef00000) (1024K)]
  0x000001dc67907530 JavaThread "Monitor Deflation Thread"   daemon [_thread_blocked, id=20100, stack(0x000000250ef00000,0x000000250f000000) (1024K)]
  0x000001dc679102d0 JavaThread "C2 CompilerThread0"         daemon [_thread_blocked, id=18352, stack(0x000000250f000000,0x000000250f100000) (1024K)]
  0x000001dc678e33d0 JavaThread "C1 CompilerThread0"         daemon [_thread_blocked, id=5568, stack(0x000000250f100000,0x000000250f200000) (1024K)]
  0x000001dc6c03e760 JavaThread "Notification Thread"        daemon [_thread_blocked, id=20108, stack(0x000000250f200000,0x000000250f300000) (1024K)]
  0x000001dc6dadd910 JavaThread "Daemon health stats"               [_thread_blocked, id=13496, stack(0x000000250f900000,0x000000250fa00000) (1024K)]
  0x000001dc6eb0e5c0 JavaThread "Incoming local TCP Connector on port 54965"        [_thread_in_native, id=12552, stack(0x000000250fa00000,0x000000250fb00000) (1024K)]
  0x000001dc6ce66160 JavaThread "Daemon periodic checks"            [_thread_blocked, id=14064, stack(0x000000250fb00000,0x000000250fc00000) (1024K)]
  0x000001dc6d64d880 JavaThread "Daemon"                            [_thread_blocked, id=15272, stack(0x000000250fc00000,0x000000250fd00000) (1024K)]
  0x000001dc6eccc330 JavaThread "Handler for socket connection from /127.0.0.1:54965 to /127.0.0.1:54966"        [_thread_in_native, id=19580, stack(0x000000250fd00000,0x000000250fe00000) (1024K)]
  0x000001dc6dbf5b70 JavaThread "Cancel handler"                    [_thread_blocked, id=2116, stack(0x000000250fe00000,0x000000250ff00000) (1024K)]
  0x000001dc6d832d80 JavaThread "Daemon worker"                     [_thread_blocked, id=19588, stack(0x000000250ff00000,0x0000002510000000) (1024K)]
  0x000001dc6cf3f430 JavaThread "Asynchronous log dispatcher for DefaultDaemonConnection: socket connection from /127.0.0.1:54965 to /127.0.0.1:54966"        [_thread_blocked, id=18068, stack(0x0000002510000000,0x0000002510100000) (1024K)]
  0x000001dc6cf3d360 JavaThread "Stdin handler"                     [_thread_blocked, id=16948, stack(0x0000002510100000,0x0000002510200000) (1024K)]
  0x000001dc6cf3ccd0 JavaThread "Daemon client event forwarder"        [_thread_blocked, id=1916, stack(0x0000002510200000,0x0000002510300000) (1024K)]
  0x000001dc6cf3d9f0 JavaThread "Cache worker for journal cache (C:\Users\delos\.gradle\caches\journal-1)"        [_thread_blocked, id=8680, stack(0x0000002510a00000,0x0000002510b00000) (1024K)]
  0x000001dc6cf3bfb0 JavaThread "File lock request listener"        [_thread_in_native, id=8236, stack(0x0000002510b00000,0x0000002510c00000) (1024K)]
  0x000001dc6cf3e710 JavaThread "Cache worker for file hash cache (C:\Users\delos\.gradle\caches\9.4.1\fileHashes)"        [_thread_blocked, id=2544, stack(0x0000002510c00000,0x0000002510d00000) (1024K)]
  0x000001dc6feacc20 JavaThread "Cache worker for file hash cache (C:\Users\delos\AndroidStudioProjects\LoroLingo\.gradle\9.4.1\fileHashes)"        [_thread_blocked, id=11640, stack(0x0000002510d00000,0x0000002510e00000) (1024K)]
  0x000001dc6feac590 JavaThread "Cache worker for Build Output Cleanup Cache (C:\Users\delos\AndroidStudioProjects\LoroLingo\.gradle\buildOutputCleanup)"        [_thread_blocked, id=2728, stack(0x0000002510e00000,0x0000002510f00000) (1024K)]
  0x000001dc6feaa4c0 JavaThread "File watcher server"        daemon [_thread_blocked, id=12316, stack(0x0000002510f00000,0x0000002511000000) (1024K)]
  0x000001dc6feab870 JavaThread "File watcher consumer"      daemon [_thread_blocked, id=13688, stack(0x0000002511000000,0x0000002511100000) (1024K)]
  0x000001dc6fead2b0 JavaThread "Cache worker for file content cache (C:\Users\delos\.gradle\caches\9.4.1\fileContent)"        [_thread_blocked, id=19384, stack(0x0000002511100000,0x0000002511200000) (1024K)]
  0x000001dc6fea9e30 JavaThread "Cache worker for checksums cache (C:\Users\delos\AndroidStudioProjects\LoroLingo\.gradle\9.4.1\checksums)"        [_thread_blocked, id=20092, stack(0x0000002511200000,0x0000002511300000) (1024K)]
  0x000001dc6feaab50 JavaThread "Cache worker for cache directory md-supplier (C:\Users\delos\.gradle\caches\9.4.1\md-supplier)"        [_thread_blocked, id=19552, stack(0x0000002511300000,0x0000002511400000) (1024K)]
  0x000001dc6feab1e0 JavaThread "Cache worker for cache directory md-rule (C:\Users\delos\.gradle\caches\9.4.1\md-rule)"        [_thread_blocked, id=7528, stack(0x0000002511400000,0x0000002511500000) (1024K)]
  0x000001dc7113ff80 JavaThread "jar transforms"                    [_thread_blocked, id=9456, stack(0x0000002511500000,0x0000002511600000) (1024K)]
  0x000001dc7113d190 JavaThread "jar transforms Thread 2"           [_thread_blocked, id=1920, stack(0x0000002511600000,0x0000002511700000) (1024K)]
  0x000001dc7113d820 JavaThread "jar transforms Thread 3"           [_thread_blocked, id=6656, stack(0x0000002511700000,0x0000002511800000) (1024K)]
  0x000001dc7113cb00 JavaThread "jar transforms Thread 4"           [_thread_blocked, id=17120, stack(0x0000002511800000,0x0000002511900000) (1024K)]
  0x000001dc7113f260 JavaThread "jar transforms Thread 5"           [_thread_blocked, id=19932, stack(0x0000002511900000,0x0000002511a00000) (1024K)]
  0x000001dc7113e540 JavaThread "Build operations"                  [_thread_blocked, id=18756, stack(0x0000002511a00000,0x0000002511b00000) (1024K)]
  0x000001dc7113f8f0 JavaThread "Build operations Thread 2"         [_thread_blocked, id=1348, stack(0x0000002511b00000,0x0000002511c00000) (1024K)]
  0x000001dc7113ebd0 JavaThread "Build operations Thread 3"         [_thread_blocked, id=12320, stack(0x0000002511c00000,0x0000002511d00000) (1024K)]
  0x000001dc6f27fdd0 JavaThread "Build operations Thread 4"         [_thread_blocked, id=4004, stack(0x0000002511d00000,0x0000002511e00000) (1024K)]
  0x000001dc6f27c950 JavaThread "Build operations Thread 5"         [_thread_blocked, id=9384, stack(0x0000002511e00000,0x0000002511f00000) (1024K)]
  0x000001dc6f27ea20 JavaThread "Build operations Thread 6"         [_thread_blocked, id=4648, stack(0x0000002511f00000,0x0000002512000000) (1024K)]
  0x000001dc6f27f740 JavaThread "Build operations Thread 7"         [_thread_blocked, id=13620, stack(0x0000002512000000,0x0000002512100000) (1024K)]
  0x000001dc6f27cfe0 JavaThread "Build operations Thread 8"         [_thread_blocked, id=19896, stack(0x0000002512100000,0x0000002512200000) (1024K)]
  0x000001dc6f27d670 JavaThread "Build operations Thread 9"         [_thread_blocked, id=13556, stack(0x0000002512200000,0x0000002512300000) (1024K)]
  0x000001dc6f27dd00 JavaThread "Build operations Thread 10"        [_thread_blocked, id=18980, stack(0x0000002512300000,0x0000002512400000) (1024K)]
  0x000001dc6f27e390 JavaThread "Build operations Thread 11"        [_thread_blocked, id=15224, stack(0x0000002512400000,0x0000002512500000) (1024K)]
  0x000001dc6f27f0b0 JavaThread "Build operations Thread 12"        [_thread_blocked, id=15612, stack(0x0000002512500000,0x0000002512600000) (1024K)]
  0x000001dc6eb62a00 JavaThread "jar transforms Thread 6"           [_thread_blocked, id=17708, stack(0x0000002512600000,0x0000002512700000) (1024K)]
  0x000001dc6eb63090 JavaThread "jar transforms Thread 7"           [_thread_blocked, id=11604, stack(0x0000002512700000,0x0000002512800000) (1024K)]
  0x000001dc6eb63db0 JavaThread "jar transforms Thread 8"           [_thread_blocked, id=7280, stack(0x0000002512800000,0x0000002512900000) (1024K)]
  0x000001dc6eb62370 JavaThread "jar transforms Thread 9"           [_thread_blocked, id=14888, stack(0x0000002512900000,0x0000002512a00000) (1024K)]
  0x000001dc6eb64440 JavaThread "jar transforms Thread 10"          [_thread_blocked, id=3948, stack(0x0000002512a00000,0x0000002512b00000) (1024K)]
  0x000001dc6feabf00 JavaThread "build event listener"              [_thread_blocked, id=14872, stack(0x000000250f400000,0x000000250f500000) (1024K)]
  0x000001dc724a3490 JavaThread "Memory manager"                    [_thread_blocked, id=7164, stack(0x0000002512b00000,0x0000002512c00000) (1024K)]
  0x000001dc724a4840 JavaThread "build event listener"              [_thread_blocked, id=19684, stack(0x0000002512c00000,0x0000002512d00000) (1024K)]
  0x000001dc72739860 JavaThread "C2 CompilerThread1"         daemon [_thread_blocked, id=18244, stack(0x000000250f300000,0x000000250f400000) (1024K)]
  0x000001dc721ca7a0 JavaThread "pool-3-thread-1"                   [_thread_blocked, id=8616, stack(0x0000002512d00000,0x0000002512e00000) (1024K)]
  0x000001dc721cbb50 JavaThread "build event listener"              [_thread_blocked, id=20360, stack(0x0000002512e00000,0x0000002512f00000) (1024K)]
  0x000001dc721cc870 JavaThread "included builds"                   [_thread_blocked, id=17824, stack(0x0000002512f00000,0x0000002513000000) (1024K)]
  0x000001dc721ccf00 JavaThread "Execution worker"                  [_thread_blocked, id=13072, stack(0x0000002513000000,0x0000002513100000) (1024K)]
  0x000001dc6c59f6b0 JavaThread "Execution worker Thread 2"         [_thread_blocked, id=13316, stack(0x0000002513100000,0x0000002513200000) (1024K)]
  0x000001dc6c59cf50 JavaThread "Execution worker Thread 3"         [_thread_blocked, id=5428, stack(0x0000002513200000,0x0000002513300000) (1024K)]
  0x000001dc6c59fd40 JavaThread "Execution worker Thread 4"         [_thread_blocked, id=19912, stack(0x0000002513300000,0x0000002513400000) (1024K)]
  0x000001dc6c59c8c0 JavaThread "Execution worker Thread 5"         [_thread_blocked, id=15780, stack(0x0000002513400000,0x0000002513500000) (1024K)]
  0x000001dc6c5a03d0 JavaThread "Execution worker Thread 6"         [_thread_blocked, id=3692, stack(0x0000002513500000,0x0000002513600000) (1024K)]
  0x000001dc6c59dc70 JavaThread "Execution worker Thread 7"         [_thread_blocked, id=1808, stack(0x0000002513600000,0x0000002513700000) (1024K)]
  0x000001dc6c59f020 JavaThread "Execution worker Thread 8"         [_thread_blocked, id=18396, stack(0x0000002513700000,0x0000002513800000) (1024K)]
  0x000001dc6c5a0a60 JavaThread "Execution worker Thread 9"         [_thread_blocked, id=17876, stack(0x0000002513800000,0x0000002513900000) (1024K)]
  0x000001dc6c59e300 JavaThread "Execution worker Thread 10"        [_thread_blocked, id=20080, stack(0x0000002513900000,0x0000002513a00000) (1024K)]
  0x000001dc6c59e990 JavaThread "Execution worker Thread 11"        [_thread_blocked, id=7244, stack(0x0000002513a00000,0x0000002513b00000) (1024K)]
  0x000001dc6c59d5e0 JavaThread "Cache worker for execution history cache (C:\Users\delos\AndroidStudioProjects\LoroLingo\.gradle\9.4.1\executionHistory)"        [_thread_blocked, id=13532, stack(0x0000002513b00000,0x0000002513c00000) (1024K)]
  0x000001dc73483500 JavaThread "ForkJoinPool-1-worker-1"    daemon [_thread_blocked, id=12356, stack(0x0000002513d00000,0x0000002513e00000) (1024K)]
  0x000001dc73480710 JavaThread "ForkJoinPool-1-worker-2"    daemon [_thread_blocked, id=14772, stack(0x0000002513e00000,0x0000002513f00000) (1024K)]
  0x000001dc73482150 JavaThread "ForkJoinPool-1-worker-3"    daemon [_thread_blocked, id=412, stack(0x0000002513f00000,0x0000002514000000) (1024K)]
  0x000001dc734827e0 JavaThread "ForkJoinPool-1-worker-4"    daemon [_thread_blocked, id=13468, stack(0x0000002514000000,0x0000002514100000) (1024K)]
  0x000001dc73482e70 JavaThread "ForkJoinPool-1-worker-5"    daemon [_thread_blocked, id=4940, stack(0x0000002514100000,0x0000002514200000) (1024K)]
  0x000001dc73481ac0 JavaThread "ForkJoinPool-1-worker-6"    daemon [_thread_blocked, id=17612, stack(0x0000002513c00000,0x0000002513d00000) (1024K)]
  0x000001dc73483b90 JavaThread "ForkJoinPool-1-worker-7"    daemon [_thread_blocked, id=17736, stack(0x0000002514200000,0x0000002514300000) (1024K)]
  0x000001dc73484220 JavaThread "ForkJoinPool-1-worker-8"    daemon [_thread_blocked, id=3308, stack(0x0000002514300000,0x0000002514400000) (1024K)]
  0x000001dc73480da0 JavaThread "ForkJoinPool-1-worker-9"    daemon [_thread_blocked, id=3132, stack(0x0000002514400000,0x0000002514500000) (1024K)]
  0x000001dc734848b0 JavaThread "ForkJoinPool-1-worker-10"   daemon [_thread_blocked, id=3856, stack(0x0000002514500000,0x0000002514600000) (1024K)]
  0x000001dc73481430 JavaThread "ForkJoinPool-1-worker-11"   daemon [_thread_blocked, id=4448, stack(0x0000002514600000,0x0000002514700000) (1024K)]
  0x000001dc734862f0 JavaThread "ForkJoinPool-1-worker-12"   daemon [_thread_blocked, id=2380, stack(0x0000002514700000,0x0000002514800000) (1024K)]
Total: 85

Other Threads:
=>0x000001dc67713010 VMThread "VM Thread"                           [id=14056, stack(0x000000250e800000,0x000000250e900000) (1024K)]
  0x000001dc676c0040 WatcherThread "VM Periodic Task Thread"        [id=1632, stack(0x000000250e700000,0x000000250e800000) (1024K)]
  0x000001dc4e85d920 WorkerThread "GC Thread#0"                     [id=14532, stack(0x000000250e200000,0x000000250e300000) (1024K)]
  0x000001dc67712150 WorkerThread "GC Thread#1"                     [id=20012, stack(0x000000250f500000,0x000000250f600000) (1024K)]
  0x000001dc677119f0 WorkerThread "GC Thread#2"                     [id=16488, stack(0x000000250f600000,0x000000250f700000) (1024K)]
  0x000001dc67712500 WorkerThread "GC Thread#3"                     [id=3028, stack(0x000000250f700000,0x000000250f800000) (1024K)]
  0x000001dc6cedcbf0 WorkerThread "GC Thread#4"                     [id=11152, stack(0x000000250f800000,0x000000250f900000) (1024K)]
  0x000001dc6cedd350 WorkerThread "GC Thread#5"                     [id=18784, stack(0x0000002510300000,0x0000002510400000) (1024K)]
  0x000001dc6ceddab0 WorkerThread "GC Thread#6"                     [id=17524, stack(0x0000002510400000,0x0000002510500000) (1024K)]
  0x000001dc6cedcfa0 WorkerThread "GC Thread#7"                     [id=6588, stack(0x0000002510500000,0x0000002510600000) (1024K)]
  0x000001dc6cedd700 WorkerThread "GC Thread#8"                     [id=7180, stack(0x0000002510600000,0x0000002510700000) (1024K)]
  0x000001dc6ced9fb0 WorkerThread "GC Thread#9"                     [id=19040, stack(0x0000002510700000,0x0000002510800000) (1024K)]
  0x000001dc4e86b830 ConcurrentGCThread "G1 Main Marker"            [id=3384, stack(0x000000250e300000,0x000000250e400000) (1024K)]
  0x000001dc4e86eee0 WorkerThread "G1 Conc#0"                       [id=5188, stack(0x000000250e400000,0x000000250e500000) (1024K)]
  0x000001dc6ceda360 WorkerThread "G1 Conc#1"                       [id=14072, stack(0x0000002510800000,0x0000002510900000) (1024K)]
  0x000001dc6cedaac0 WorkerThread "G1 Conc#2"                       [id=18348, stack(0x0000002510900000,0x0000002510a00000) (1024K)]
  0x000001dc4e8be6f0 ConcurrentGCThread "G1 Refine#0"               [id=12360, stack(0x000000250e500000,0x000000250e600000) (1024K)]
  0x000001dc6758c230 ConcurrentGCThread "G1 Service"                [id=300, stack(0x000000250e600000,0x000000250e700000) (1024K)]
Total: 18

Threads with active compile tasks:
C2 CompilerThread0  19955 14700       4       com.android.tools.r8.graph.i9::c (121 bytes)
C2 CompilerThread1  19955 14669   !   4       com.android.tools.r8.graph.m9::c (823 bytes)
Total: 2

VM state: at safepoint (normal execution)

VM Mutex/Monitor currently owned by a thread:  ([mutex/lock_event])
[0x00007ffcc2cf86d0] Threads_lock - owner thread: 0x000001dc67713010
[0x00007ffcc2cf87d0] Heap_lock - owner thread: 0x000001dc73484220

Heap address: 0x0000000740000000, size: 3072 MB, Compressed Oops mode: Zero based, Oop shift amount: 3

CDS archive(s) not mapped
Compressed class space mapped at: 0x0000000800000000-0x0000000840000000, reserved size: 1073741824
Narrow klass base: 0x0000000800000000, Narrow klass shift: 0, Narrow klass range: 0x40000000

GC Precious Log:
 CardTable entry size: 512
 Card Set container configuration: InlinePtr #cards 4 size 8 Array Of Cards #cards 16 size 48 Howl #buckets 8 coarsen threshold 3686 Howl Bitmap #cards 512 size 80 coarsen threshold 460 Card regions per heap region 1 cards per card region 4096
 CPUs: 12 total, 12 available
 Memory: 8016M
 Large Page Support: Disabled
 NUMA Support: Disabled
 Compressed Oops: Enabled (Zero based)
 Heap Region Size: 2M
 Heap Min Capacity: 8M
 Heap Initial Capacity: 126M
 Heap Max Capacity: 3G
 Pre-touch: Disabled
 Parallel Workers: 10
 Concurrent Workers: 3
 Concurrent Refinement Workers: 10
 Periodic GC: Disabled

Heap:
 garbage-first heap   total 274432K, used 174041K [0x0000000740000000, 0x0000000800000000)
  region size 2048K, 3 young (6144K), 3 survivors (6144K)
 Metaspace       used 125730K, committed 128192K, reserved 1179648K
  class space    used 17707K, committed 18880K, reserved 1048576K

Heap Regions: E=young(eden), S=young(survivor), O=old, HS=humongous(starts), HC=humongous(continues), CS=collection set, F=free, TAMS=top-at-mark-start, PB=parsable bottom
|   0|0x0000000740000000, 0x0000000740200000, 0x0000000740200000|100%|HS|  |TAMS 0x0000000740200000| PB 0x0000000740000000| Complete 
|   1|0x0000000740200000, 0x0000000740400000, 0x0000000740400000|100%|HC|  |TAMS 0x0000000740400000| PB 0x0000000740200000| Complete 
|   2|0x0000000740400000, 0x0000000740600000, 0x0000000740600000|100%| O|  |TAMS 0x0000000740600000| PB 0x0000000740400000| Untracked 
|   3|0x0000000740600000, 0x0000000740800000, 0x0000000740800000|100%| O|  |TAMS 0x0000000740800000| PB 0x0000000740600000| Untracked 
|   4|0x0000000740800000, 0x0000000740a00000, 0x0000000740a00000|100%| O|  |TAMS 0x0000000740a00000| PB 0x0000000740800000| Untracked 
|   5|0x0000000740a00000, 0x0000000740c00000, 0x0000000740c00000|100%| O|  |TAMS 0x0000000740c00000| PB 0x0000000740a00000| Untracked 
|   6|0x0000000740c00000, 0x0000000740e00000, 0x0000000740e00000|100%| O|  |TAMS 0x0000000740e00000| PB 0x0000000740c00000| Untracked 
|   7|0x0000000740e00000, 0x0000000741000000, 0x0000000741000000|100%| O|  |TAMS 0x0000000741000000| PB 0x0000000740e00000| Untracked 
|   8|0x0000000741000000, 0x0000000741200000, 0x0000000741200000|100%| O|  |TAMS 0x0000000741200000| PB 0x0000000741000000| Untracked 
|   9|0x0000000741200000, 0x0000000741400000, 0x0000000741400000|100%|HS|  |TAMS 0x0000000741400000| PB 0x0000000741200000| Complete 
|  10|0x0000000741400000, 0x0000000741600000, 0x0000000741600000|100%| O|  |TAMS 0x0000000741600000| PB 0x0000000741400000| Untracked 
|  11|0x0000000741600000, 0x0000000741800000, 0x0000000741800000|100%| O|  |TAMS 0x0000000741800000| PB 0x0000000741600000| Untracked 
|  12|0x0000000741800000, 0x0000000741a00000, 0x0000000741a00000|100%| O|  |TAMS 0x0000000741a00000| PB 0x0000000741800000| Untracked 
|  13|0x0000000741a00000, 0x0000000741c00000, 0x0000000741c00000|100%| O|  |TAMS 0x0000000741c00000| PB 0x0000000741a00000| Updating 
|  14|0x0000000741c00000, 0x0000000741e00000, 0x0000000741e00000|100%| O|  |TAMS 0x0000000741e00000| PB 0x0000000741c00000| Untracked 
|  15|0x0000000741e00000, 0x0000000742000000, 0x0000000742000000|100%| O|  |TAMS 0x0000000742000000| PB 0x0000000741e00000| Updating 
|  16|0x0000000742000000, 0x0000000742200000, 0x0000000742200000|100%| O|  |TAMS 0x0000000742200000| PB 0x0000000742000000| Untracked 
|  17|0x0000000742200000, 0x0000000742400000, 0x0000000742400000|100%| O|  |TAMS 0x0000000742400000| PB 0x0000000742200000| Untracked 
|  18|0x0000000742400000, 0x0000000742600000, 0x0000000742600000|100%| O|  |TAMS 0x0000000742600000| PB 0x0000000742400000| Untracked 
|  19|0x0000000742600000, 0x0000000742800000, 0x0000000742800000|100%| O|  |TAMS 0x0000000742800000| PB 0x0000000742600000| Updating 
|  20|0x0000000742800000, 0x0000000742a00000, 0x0000000742a00000|100%| O|  |TAMS 0x0000000742a00000| PB 0x0000000742800000| Updating 
|  21|0x0000000742a00000, 0x0000000742c00000, 0x0000000742c00000|100%| O|  |TAMS 0x0000000742c00000| PB 0x0000000742a00000| Updating 
|  22|0x0000000742c00000, 0x0000000742e00000, 0x0000000742e00000|100%|HS|  |TAMS 0x0000000742e00000| PB 0x0000000742c00000| Complete 
|  23|0x0000000742e00000, 0x0000000743000000, 0x0000000743000000|100%| O|  |TAMS 0x0000000743000000| PB 0x0000000742e00000| Updating 
|  24|0x0000000743000000, 0x0000000743200000, 0x0000000743200000|100%| O|  |TAMS 0x0000000743200000| PB 0x0000000743000000| Untracked 
|  25|0x0000000743200000, 0x0000000743400000, 0x0000000743400000|100%| O|  |TAMS 0x0000000743400000| PB 0x0000000743200000| Untracked 
|  26|0x0000000743400000, 0x0000000743600000, 0x0000000743600000|100%| O|  |TAMS 0x0000000743600000| PB 0x0000000743400000| Untracked 
|  27|0x0000000743600000, 0x0000000743800000, 0x0000000743800000|100%|HS|  |TAMS 0x0000000743800000| PB 0x0000000743600000| Complete 
|  28|0x0000000743800000, 0x0000000743a00000, 0x0000000743a00000|100%| O|  |TAMS 0x0000000743a00000| PB 0x0000000743800000| Untracked 
|  29|0x0000000743a00000, 0x0000000743c00000, 0x0000000743c00000|100%| O|  |TAMS 0x0000000743c00000| PB 0x0000000743a00000| Updating 
|  30|0x0000000743c00000, 0x0000000743e00000, 0x0000000743e00000|100%| O|  |TAMS 0x0000000743e00000| PB 0x0000000743c00000| Untracked 
|  31|0x0000000743e00000, 0x0000000744000000, 0x0000000744000000|100%| O|  |TAMS 0x0000000744000000| PB 0x0000000743e00000| Updating 
|  32|0x0000000744000000, 0x0000000744200000, 0x0000000744200000|100%| O|  |TAMS 0x0000000744200000| PB 0x0000000744000000| Updating 
|  33|0x0000000744200000, 0x0000000744400000, 0x0000000744400000|100%| O|  |TAMS 0x0000000744400000| PB 0x0000000744200000| Untracked 
|  34|0x0000000744400000, 0x0000000744600000, 0x0000000744600000|100%| O|  |TAMS 0x0000000744600000| PB 0x0000000744400000| Untracked 
|  35|0x0000000744600000, 0x0000000744800000, 0x0000000744800000|100%| O|  |TAMS 0x0000000744800000| PB 0x0000000744600000| Updating 
|  36|0x0000000744800000, 0x0000000744a00000, 0x0000000744a00000|100%| O|  |TAMS 0x0000000744a00000| PB 0x0000000744800000| Untracked 
|  37|0x0000000744a00000, 0x0000000744c00000, 0x0000000744c00000|100%| O|  |TAMS 0x0000000744c00000| PB 0x0000000744a00000| Updating 
|  38|0x0000000744c00000, 0x0000000744e00000, 0x0000000744e00000|100%| O|  |TAMS 0x0000000744e00000| PB 0x0000000744c00000| Untracked 
|  39|0x0000000744e00000, 0x0000000745000000, 0x0000000745000000|100%| O|  |TAMS 0x0000000745000000| PB 0x0000000744e00000| Untracked 
|  40|0x0000000745000000, 0x0000000745200000, 0x0000000745200000|100%| O|  |TAMS 0x0000000745200000| PB 0x0000000745000000| Untracked 
|  41|0x0000000745200000, 0x0000000745400000, 0x0000000745400000|100%| O|  |TAMS 0x0000000745400000| PB 0x0000000745200000| Untracked 
|  42|0x0000000745400000, 0x0000000745600000, 0x0000000745600000|100%| O|  |TAMS 0x0000000745600000| PB 0x0000000745400000| Untracked 
|  43|0x0000000745600000, 0x0000000745800000, 0x0000000745800000|100%| O|  |TAMS 0x0000000745800000| PB 0x0000000745600000| Untracked 
|  44|0x0000000745800000, 0x0000000745a00000, 0x0000000745a00000|100%| O|  |TAMS 0x0000000745a00000| PB 0x0000000745800000| Untracked 
|  45|0x0000000745a00000, 0x0000000745c00000, 0x0000000745c00000|100%| O|  |TAMS 0x0000000745c00000| PB 0x0000000745a00000| Untracked 
|  46|0x0000000745c00000, 0x0000000745e00000, 0x0000000745e00000|100%| O|  |TAMS 0x0000000745e00000| PB 0x0000000745c00000| Updating 
|  47|0x0000000745e00000, 0x0000000746000000, 0x0000000746000000|100%| O|  |TAMS 0x0000000746000000| PB 0x0000000745e00000| Updating 
|  48|0x0000000746000000, 0x0000000746200000, 0x0000000746200000|100%| O|  |TAMS 0x0000000746000000| PB 0x0000000746000000| Untracked 
|  49|0x0000000746200000, 0x0000000746400000, 0x0000000746400000|100%| O|  |TAMS 0x0000000746400000| PB 0x0000000746200000| Updating 
|  50|0x0000000746400000, 0x0000000746600000, 0x0000000746600000|100%|HS|  |TAMS 0x0000000746600000| PB 0x0000000746400000| Complete 
|  51|0x0000000746600000, 0x0000000746800000, 0x0000000746800000|100%| O|  |TAMS 0x0000000746800000| PB 0x0000000746600000| Untracked 
|  52|0x0000000746800000, 0x0000000746a00000, 0x0000000746a00000|100%| O|  |TAMS 0x0000000746a00000| PB 0x0000000746a00000| Untracked 
|  53|0x0000000746a00000, 0x0000000746c00000, 0x0000000746c00000|100%| O|  |TAMS 0x0000000746c00000| PB 0x0000000746c00000| Untracked 
|  54|0x0000000746c00000, 0x0000000746e00000, 0x0000000746e00000|100%| O|  |TAMS 0x0000000746e00000| PB 0x0000000746e00000| Untracked 
|  55|0x0000000746e00000, 0x0000000747000000, 0x0000000747000000|100%| O|  |TAMS 0x0000000746e00000| PB 0x0000000746e00000| Untracked 
|  56|0x0000000747000000, 0x0000000747200000, 0x0000000747200000|100%| O|  |TAMS 0x0000000747000000| PB 0x0000000747000000| Untracked 
|  57|0x0000000747200000, 0x0000000747400000, 0x0000000747400000|100%| O|  |TAMS 0x0000000747200000| PB 0x0000000747200000| Untracked 
|  58|0x0000000747400000, 0x0000000747600000, 0x0000000747600000|100%| O|  |TAMS 0x0000000747400000| PB 0x0000000747400000| Untracked 
|  59|0x0000000747600000, 0x0000000747800000, 0x0000000747800000|100%| O|  |TAMS 0x0000000747600000| PB 0x0000000747600000| Untracked 
|  60|0x0000000747800000, 0x0000000747a00000, 0x0000000747a00000|100%| O|  |TAMS 0x0000000747800000| PB 0x0000000747800000| Untracked 
|  61|0x0000000747a00000, 0x0000000747c00000, 0x0000000747c00000|100%| O|  |TAMS 0x0000000747a00000| PB 0x0000000747a00000| Untracked 
|  62|0x0000000747c00000, 0x0000000747e00000, 0x0000000747e00000|100%| O|  |TAMS 0x0000000747c00000| PB 0x0000000747c00000| Untracked 
|  63|0x0000000747e00000, 0x0000000748000000, 0x0000000748000000|100%| O|  |TAMS 0x0000000747e00000| PB 0x0000000747e00000| Untracked 
|  64|0x0000000748000000, 0x0000000748200000, 0x0000000748200000|100%| O|  |TAMS 0x0000000748000000| PB 0x0000000748000000| Untracked 
|  65|0x0000000748200000, 0x0000000748400000, 0x0000000748400000|100%| O|  |TAMS 0x0000000748200000| PB 0x0000000748200000| Untracked 
|  66|0x0000000748400000, 0x0000000748600000, 0x0000000748600000|100%| O|  |TAMS 0x0000000748400000| PB 0x0000000748400000| Untracked 
|  67|0x0000000748600000, 0x0000000748800000, 0x0000000748800000|100%| O|  |TAMS 0x0000000748600000| PB 0x0000000748600000| Untracked 
|  68|0x0000000748800000, 0x0000000748a00000, 0x0000000748a00000|100%| O|  |TAMS 0x0000000748800000| PB 0x0000000748800000| Untracked 
|  69|0x0000000748a00000, 0x0000000748c00000, 0x0000000748c00000|100%| O|  |TAMS 0x0000000748a00000| PB 0x0000000748a00000| Untracked 
|  70|0x0000000748c00000, 0x0000000748df6740, 0x0000000748e00000| 98%| O|  |TAMS 0x0000000748c00000| PB 0x0000000748c00000| Untracked 
|  71|0x0000000748e00000, 0x0000000748e00000, 0x0000000749000000|  0%| F|  |TAMS 0x0000000748e00000| PB 0x0000000748e00000| Untracked 
|  72|0x0000000749000000, 0x0000000749000000, 0x0000000749200000|  0%| F|  |TAMS 0x0000000749000000| PB 0x0000000749000000| Untracked 
|  73|0x0000000749200000, 0x0000000749200000, 0x0000000749400000|  0%| F|  |TAMS 0x0000000749200000| PB 0x0000000749200000| Untracked 
|  74|0x0000000749400000, 0x0000000749400000, 0x0000000749600000|  0%| F|  |TAMS 0x0000000749400000| PB 0x0000000749400000| Untracked 
|  75|0x0000000749600000, 0x0000000749600000, 0x0000000749800000|  0%| F|  |TAMS 0x0000000749600000| PB 0x0000000749600000| Untracked 
|  76|0x0000000749800000, 0x0000000749800000, 0x0000000749a00000|  0%| F|  |TAMS 0x0000000749800000| PB 0x0000000749800000| Untracked 
|  77|0x0000000749a00000, 0x0000000749a00000, 0x0000000749c00000|  0%| F|  |TAMS 0x0000000749a00000| PB 0x0000000749a00000| Untracked 
|  78|0x0000000749c00000, 0x0000000749c00000, 0x0000000749e00000|  0%| F|  |TAMS 0x0000000749c00000| PB 0x0000000749c00000| Untracked 
|  79|0x0000000749e00000, 0x0000000749e00000, 0x000000074a000000|  0%| F|  |TAMS 0x0000000749e00000| PB 0x0000000749e00000| Untracked 
|  80|0x000000074a000000, 0x000000074a000000, 0x000000074a200000|  0%| F|  |TAMS 0x000000074a000000| PB 0x000000074a000000| Untracked 
|  81|0x000000074a200000, 0x000000074a200000, 0x000000074a400000|  0%| F|  |TAMS 0x000000074a200000| PB 0x000000074a200000| Untracked 
|  82|0x000000074a400000, 0x000000074a400000, 0x000000074a600000|  0%| F|  |TAMS 0x000000074a400000| PB 0x000000074a400000| Untracked 
|  83|0x000000074a600000, 0x000000074a600000, 0x000000074a800000|  0%| F|  |TAMS 0x000000074a600000| PB 0x000000074a600000| Untracked 
|  84|0x000000074a800000, 0x000000074a800000, 0x000000074aa00000|  0%| F|  |TAMS 0x000000074a800000| PB 0x000000074a800000| Untracked 
|  85|0x000000074aa00000, 0x000000074aa00000, 0x000000074ac00000|  0%| F|  |TAMS 0x000000074aa00000| PB 0x000000074aa00000| Untracked 
|  86|0x000000074ac00000, 0x000000074ac00000, 0x000000074ae00000|  0%| F|  |TAMS 0x000000074ac00000| PB 0x000000074ac00000| Untracked 
|  87|0x000000074ae00000, 0x000000074ae00000, 0x000000074b000000|  0%| F|  |TAMS 0x000000074ae00000| PB 0x000000074ae00000| Untracked 
|  88|0x000000074b000000, 0x000000074b000000, 0x000000074b200000|  0%| F|  |TAMS 0x000000074b000000| PB 0x000000074b000000| Untracked 
|  89|0x000000074b200000, 0x000000074b200000, 0x000000074b400000|  0%| F|  |TAMS 0x000000074b200000| PB 0x000000074b200000| Untracked 
|  90|0x000000074b400000, 0x000000074b400000, 0x000000074b600000|  0%| F|  |TAMS 0x000000074b400000| PB 0x000000074b400000| Untracked 
|  91|0x000000074b600000, 0x000000074b600000, 0x000000074b800000|  0%| F|  |TAMS 0x000000074b600000| PB 0x000000074b600000| Untracked 
|  92|0x000000074b800000, 0x000000074b800000, 0x000000074ba00000|  0%| F|  |TAMS 0x000000074b800000| PB 0x000000074b800000| Untracked 
|  93|0x000000074ba00000, 0x000000074ba00000, 0x000000074bc00000|  0%| F|  |TAMS 0x000000074ba00000| PB 0x000000074ba00000| Untracked 
|  94|0x000000074bc00000, 0x000000074bc00000, 0x000000074be00000|  0%| F|  |TAMS 0x000000074bc00000| PB 0x000000074bc00000| Untracked 
|  95|0x000000074be00000, 0x000000074be00000, 0x000000074c000000|  0%| F|  |TAMS 0x000000074be00000| PB 0x000000074be00000| Untracked 
|  96|0x000000074c000000, 0x000000074c000000, 0x000000074c200000|  0%| F|  |TAMS 0x000000074c000000| PB 0x000000074c000000| Untracked 
|  97|0x000000074c200000, 0x000000074c200000, 0x000000074c400000|  0%| F|  |TAMS 0x000000074c200000| PB 0x000000074c200000| Untracked 
|  98|0x000000074c400000, 0x000000074c400000, 0x000000074c600000|  0%| F|  |TAMS 0x000000074c400000| PB 0x000000074c400000| Untracked 
|  99|0x000000074c600000, 0x000000074c600000, 0x000000074c800000|  0%| F|  |TAMS 0x000000074c600000| PB 0x000000074c600000| Untracked 
| 100|0x000000074c800000, 0x000000074c800000, 0x000000074ca00000|  0%| F|  |TAMS 0x000000074c800000| PB 0x000000074c800000| Untracked 
| 101|0x000000074ca00000, 0x000000074ca00000, 0x000000074cc00000|  0%| F|  |TAMS 0x000000074ca00000| PB 0x000000074ca00000| Untracked 
| 102|0x000000074cc00000, 0x000000074cc00000, 0x000000074ce00000|  0%| F|  |TAMS 0x000000074cc00000| PB 0x000000074cc00000| Untracked 
| 103|0x000000074ce00000, 0x000000074ce00000, 0x000000074d000000|  0%| F|  |TAMS 0x000000074ce00000| PB 0x000000074ce00000| Untracked 
| 104|0x000000074d000000, 0x000000074d200000, 0x000000074d200000|100%| S|CS|TAMS 0x000000074d000000| PB 0x000000074d000000| Complete 
| 105|0x000000074d200000, 0x000000074d400000, 0x000000074d400000|100%| S|CS|TAMS 0x000000074d200000| PB 0x000000074d200000| Complete 
| 106|0x000000074d400000, 0x000000074d600000, 0x000000074d600000|100%| S|CS|TAMS 0x000000074d400000| PB 0x000000074d400000| Complete 
| 107|0x000000074d600000, 0x000000074d600000, 0x000000074d800000|  0%| F|  |TAMS 0x000000074d600000| PB 0x000000074d600000| Untracked 
| 108|0x000000074d800000, 0x000000074d800000, 0x000000074da00000|  0%| F|  |TAMS 0x000000074d800000| PB 0x000000074d800000| Untracked 
| 109|0x000000074da00000, 0x000000074da00000, 0x000000074dc00000|  0%| F|  |TAMS 0x000000074da00000| PB 0x000000074da00000| Untracked 
| 110|0x000000074dc00000, 0x000000074dc00000, 0x000000074de00000|  0%| F|  |TAMS 0x000000074dc00000| PB 0x000000074dc00000| Untracked 
| 111|0x000000074de00000, 0x000000074de00000, 0x000000074e000000|  0%| F|  |TAMS 0x000000074de00000| PB 0x000000074de00000| Untracked 
| 112|0x000000074e000000, 0x000000074e000000, 0x000000074e200000|  0%| F|  |TAMS 0x000000074e000000| PB 0x000000074e000000| Untracked 
| 113|0x000000074e200000, 0x000000074e200000, 0x000000074e400000|  0%| F|  |TAMS 0x000000074e200000| PB 0x000000074e200000| Untracked 
| 114|0x000000074e400000, 0x000000074e400000, 0x000000074e600000|  0%| F|  |TAMS 0x000000074e400000| PB 0x000000074e400000| Untracked 
| 115|0x000000074e600000, 0x000000074e600000, 0x000000074e800000|  0%| F|  |TAMS 0x000000074e600000| PB 0x000000074e600000| Untracked 
| 116|0x000000074e800000, 0x000000074e800000, 0x000000074ea00000|  0%| F|  |TAMS 0x000000074e800000| PB 0x000000074e800000| Untracked 
| 117|0x000000074ea00000, 0x000000074ea00000, 0x000000074ec00000|  0%| F|  |TAMS 0x000000074ea00000| PB 0x000000074ea00000| Untracked 
|1520|0x00000007fe000000, 0x00000007fe200000, 0x00000007fe200000|100%| O|  |TAMS 0x00000007fe0e72e8| PB 0x00000007fe000000| Updating 
|1521|0x00000007fe200000, 0x00000007fe400000, 0x00000007fe400000|100%| O|  |TAMS 0x00000007fe400000| PB 0x00000007fe200000| Untracked 
|1522|0x00000007fe400000, 0x00000007fe400000, 0x00000007fe600000|  0%| F|  |TAMS 0x00000007fe400000| PB 0x00000007fe400000| Untracked 
|1523|0x00000007fe600000, 0x00000007fe800000, 0x00000007fe800000|100%| O|  |TAMS 0x00000007fe800000| PB 0x00000007fe600000| Untracked 
|1524|0x00000007fe800000, 0x00000007fe800000, 0x00000007fea00000|  0%| F|  |TAMS 0x00000007fe800000| PB 0x00000007fe800000| Untracked 
|1525|0x00000007fea00000, 0x00000007fea00000, 0x00000007fec00000|  0%| F|  |TAMS 0x00000007fea00000| PB 0x00000007fea00000| Untracked 
|1526|0x00000007fec00000, 0x00000007fee00000, 0x00000007fee00000|100%| O|  |TAMS 0x00000007fee00000| PB 0x00000007fec00000| Updating 
|1527|0x00000007fee00000, 0x00000007ff000000, 0x00000007ff000000|100%| O|  |TAMS 0x00000007ff000000| PB 0x00000007fee00000| Untracked 
|1528|0x00000007ff000000, 0x00000007ff000000, 0x00000007ff200000|  0%| F|  |TAMS 0x00000007ff000000| PB 0x00000007ff000000| Untracked 
|1529|0x00000007ff200000, 0x00000007ff400000, 0x00000007ff400000|100%| O|  |TAMS 0x00000007ff400000| PB 0x00000007ff200000| Untracked 
|1530|0x00000007ff400000, 0x00000007ff600000, 0x00000007ff600000|100%| O|  |TAMS 0x00000007ff600000| PB 0x00000007ff400000| Updating 
|1531|0x00000007ff600000, 0x00000007ff600000, 0x00000007ff800000|  0%| F|  |TAMS 0x00000007ff600000| PB 0x00000007ff600000| Untracked 
|1532|0x00000007ff800000, 0x00000007ffa00000, 0x00000007ffa00000|100%| O|  |TAMS 0x00000007ffa00000| PB 0x00000007ff800000| Updating 
|1533|0x00000007ffa00000, 0x00000007ffc00000, 0x00000007ffc00000|100%| O|  |TAMS 0x00000007ffc00000| PB 0x00000007ffa00000| Untracked 
|1534|0x00000007ffc00000, 0x00000007ffe00000, 0x00000007ffe00000|100%| O|  |TAMS 0x00000007ffe00000| PB 0x00000007ffc00000| Untracked 
|1535|0x00000007ffe00000, 0x0000000800000000, 0x0000000800000000|100%| O|  |TAMS 0x0000000800000000| PB 0x00000007ffe00000| Untracked 

Card table byte_map: [0x000001dc614b0000,0x000001dc61ab0000] _byte_map_base: 0x000001dc5dab0000

Marking Bits: (CMBitMap*) 0x000001dc4e85df40
 Bits: [0x000001dc61ab0000, 0x000001dc64ab0000)

Polling page: 0x000001dc4c580000

Metaspace:

Usage:
  Non-class:    105.49 MB used.
      Class:     17.29 MB used.
       Both:    122.78 MB used.

Virtual space:
  Non-class space:      128.00 MB reserved,     106.75 MB ( 83%) committed,  2 nodes.
      Class space:        1.00 GB reserved,      18.44 MB (  2%) committed,  1 nodes.
             Both:        1.12 GB reserved,     125.19 MB ( 11%) committed. 

Chunk freelists:
   Non-Class:  5.23 MB
       Class:  13.56 MB
        Both:  18.80 MB

MaxMetaspaceSize: unlimited
CompressedClassSpaceSize: 1.00 GB
Initial GC threshold: 21.00 MB
Current GC threshold: 208.69 MB
CDS: off
 - commit_granule_bytes: 65536.
 - commit_granule_words: 8192.
 - virtual_space_node_default_size: 8388608.
 - enlarge_chunks_in_place: 1.
 - use_allocation_guard: 0.


Internal statistics:

num_allocs_failed_limit: 12.
num_arena_births: 4720.
num_arena_deaths: 0.
num_vsnodes_births: 3.
num_vsnodes_deaths: 0.
num_space_committed: 2001.
num_space_uncommitted: 0.
num_chunks_returned_to_freelist: 12.
num_chunks_taken_from_freelist: 10155.
num_chunk_merges: 12.
num_chunk_splits: 6668.
num_chunks_enlarged: 4215.
num_inconsistent_stats: 0.

CodeHeap 'non-profiled nmethods': size=120000Kb used=7768Kb max_used=7984Kb free=112231Kb
 bounds [0x000001dc59430000, 0x000001dc59c00000, 0x000001dc60960000]
CodeHeap 'profiled nmethods': size=120000Kb used=22900Kb max_used=23650Kb free=97099Kb
 bounds [0x000001dc51960000, 0x000001dc53080000, 0x000001dc58e90000]
CodeHeap 'non-nmethods': size=5760Kb used=2035Kb max_used=2074Kb free=3724Kb
 bounds [0x000001dc58e90000, 0x000001dc59100000, 0x000001dc59430000]
CodeCache: size=245760Kb, used=32703Kb, max_used=33708Kb, free=213054Kb
 total_blobs=13004, nmethods=12097, adapters=811, full_count=0
Compilation: enabled, stopped_count=0, restarted_count=0

Compilation events (20 events):
Event: 18.815 Thread 0x000001dc679102d0 nmethod 14682 0x000001dc59b2d210 code [0x000001dc59b2d580, 0x000001dc59b2f0f8]
Event: 18.815 Thread 0x000001dc679102d0 14703       4       com.android.tools.r8.internal.gk4::a (69 bytes)
Event: 18.816 Thread 0x000001dc678e33d0 14708       3       com.android.tools.r8.graph.qa$$Lambda/0x0000000801264148::apply (16 bytes)
Event: 18.817 Thread 0x000001dc678e33d0 nmethod 14708 0x000001dc5198c090 code [0x000001dc5198c260, 0x000001dc5198c6b8]
Event: 18.817 Thread 0x000001dc678e33d0 14710       3       com.android.tools.r8.graph.ra::b (36 bytes)
Event: 18.817 Thread 0x000001dc678e33d0 nmethod 14710 0x000001dc51b48c10 code [0x000001dc51b48e40, 0x000001dc51b49890]
Event: 18.817 Thread 0x000001dc678e33d0 14711       3       com.android.tools.r8.graph.ra$$Lambda/0x00000008012671a8::accept (16 bytes)
Event: 18.818 Thread 0x000001dc678e33d0 nmethod 14711 0x000001dc51d82f90 code [0x000001dc51d83140, 0x000001dc51d83398]
Event: 18.818 Thread 0x000001dc678e33d0 14712   !   2       com.android.tools.r8.graph.h8::a (68 bytes)
Event: 18.818 Thread 0x000001dc678e33d0 nmethod 14712 0x000001dc52215090 code [0x000001dc522152c0, 0x000001dc522156f0]
Event: 18.819 Thread 0x000001dc679102d0 nmethod 14703 0x000001dc59ab7710 code [0x000001dc59ab78c0, 0x000001dc59ab7b20]
Event: 18.819 Thread 0x000001dc679102d0 14700       4       com.android.tools.r8.graph.i9::c (121 bytes)
Event: 18.827 Thread 0x000001dc678e33d0 14714       2       com.android.tools.r8.graph.e8$j::<init> (32 bytes)
Event: 18.827 Thread 0x000001dc678e33d0 nmethod 14714 0x000001dc51a78190 code [0x000001dc51a78340, 0x000001dc51a78510]
Event: 18.828 Thread 0x000001dc678e33d0 14715       2       com.android.tools.r8.graph.e8$j::a (37 bytes)
Event: 18.828 Thread 0x000001dc678e33d0 nmethod 14715 0x000001dc51e9d110 code [0x000001dc51e9d2c0, 0x000001dc51e9d500]
Event: 18.829 Thread 0x000001dc678e33d0 14716       2       com.android.tools.r8.graph.e8$f::<init> (59 bytes)
Event: 18.829 Thread 0x000001dc678e33d0 nmethod 14716 0x000001dc51b83d90 code [0x000001dc51b83f40, 0x000001dc51b84170]
Event: 18.829 Thread 0x000001dc678e33d0 14717       3       com.android.tools.r8.graph.l9$$Lambda/0x0000000801245478::apply (19 bytes)
Event: 18.830 Thread 0x000001dc678e33d0 nmethod 14717 0x000001dc519ab190 code [0x000001dc519ab360, 0x000001dc519ab850]

GC Heap History (20 events):
Event: 14.604 GC heap after
{Heap after GC invocations=43 (full 0):
 garbage-first heap   total 163840K, used 96795K [0x0000000740000000, 0x0000000800000000)
  region size 2048K, 3 young (6144K), 3 survivors (6144K)
 Metaspace       used 111368K, committed 113792K, reserved 1179648K
  class space    used 15893K, committed 17088K, reserved 1048576K
}
Event: 15.363 GC heap before
{Heap before GC invocations=43 (full 0):
 garbage-first heap   total 163840K, used 154139K [0x0000000740000000, 0x0000000800000000)
  region size 2048K, 31 young (63488K), 3 survivors (6144K)
 Metaspace       used 114905K, committed 117312K, reserved 1179648K
  class space    used 16347K, committed 17472K, reserved 1048576K
}
Event: 15.370 GC heap after
{Heap after GC invocations=44 (full 0):
 garbage-first heap   total 169984K, used 101965K [0x0000000740000000, 0x0000000800000000)
  region size 2048K, 4 young (8192K), 4 survivors (8192K)
 Metaspace       used 114905K, committed 117312K, reserved 1179648K
  class space    used 16347K, committed 17472K, reserved 1048576K
}
Event: 15.861 GC heap before
{Heap before GC invocations=44 (full 0):
 garbage-first heap   total 169984K, used 155213K [0x0000000740000000, 0x0000000800000000)
  region size 2048K, 31 young (63488K), 4 survivors (8192K)
 Metaspace       used 116085K, committed 118464K, reserved 1179648K
  class space    used 16411K, committed 17536K, reserved 1048576K
}
Event: 15.869 GC heap after
{Heap after GC invocations=45 (full 0):
 garbage-first heap   total 176128K, used 112640K [0x0000000740000000, 0x0000000800000000)
  region size 2048K, 4 young (8192K), 4 survivors (8192K)
 Metaspace       used 116085K, committed 118464K, reserved 1179648K
  class space    used 16411K, committed 17536K, reserved 1048576K
}
Event: 16.635 GC heap before
{Heap before GC invocations=46 (full 0):
 garbage-first heap   total 188416K, used 157696K [0x0000000740000000, 0x0000000800000000)
  region size 2048K, 27 young (55296K), 4 survivors (8192K)
 Metaspace       used 120074K, committed 122432K, reserved 1179648K
  class space    used 16903K, committed 18048K, reserved 1048576K
}
Event: 16.642 GC heap after
{Heap after GC invocations=47 (full 0):
 garbage-first heap   total 188416K, used 118844K [0x0000000740000000, 0x0000000800000000)
  region size 2048K, 3 young (6144K), 3 survivors (6144K)
 Metaspace       used 120074K, committed 122432K, reserved 1179648K
  class space    used 16903K, committed 18048K, reserved 1048576K
}
Event: 17.193 GC heap before
{Heap before GC invocations=47 (full 0):
 garbage-first heap   total 188416K, used 165948K [0x0000000740000000, 0x0000000800000000)
  region size 2048K, 27 young (55296K), 3 survivors (6144K)
 Metaspace       used 120290K, committed 122688K, reserved 1179648K
  class space    used 16908K, committed 18048K, reserved 1048576K
}
Event: 17.201 GC heap after
{Heap after GC invocations=48 (full 0):
 garbage-first heap   total 188416K, used 122878K [0x0000000740000000, 0x0000000800000000)
  region size 2048K, 3 young (6144K), 3 survivors (6144K)
 Metaspace       used 120290K, committed 122688K, reserved 1179648K
  class space    used 16908K, committed 18048K, reserved 1048576K
}
Event: 17.796 GC heap before
{Heap before GC invocations=48 (full 0):
 garbage-first heap   total 188416K, used 167934K [0x0000000740000000, 0x0000000800000000)
  region size 2048K, 26 young (53248K), 3 survivors (6144K)
 Metaspace       used 121063K, committed 123456K, reserved 1179648K
  class space    used 17041K, committed 18176K, reserved 1048576K
}
Event: 17.800 GC heap after
{Heap after GC invocations=49 (full 0):
 garbage-first heap   total 188416K, used 125827K [0x0000000740000000, 0x0000000800000000)
  region size 2048K, 2 young (4096K), 2 survivors (4096K)
 Metaspace       used 121063K, committed 123456K, reserved 1179648K
  class space    used 17041K, committed 18176K, reserved 1048576K
}
Event: 18.412 GC heap before
{Heap before GC invocations=50 (full 0):
 garbage-first heap   total 212992K, used 172931K [0x0000000740000000, 0x0000000800000000)
  region size 2048K, 25 young (51200K), 2 survivors (4096K)
 Metaspace       used 123812K, committed 126272K, reserved 1179648K
  class space    used 17426K, committed 18624K, reserved 1048576K
}
Event: 18.415 GC heap after
{Heap after GC invocations=51 (full 0):
 garbage-first heap   total 212992K, used 131535K [0x0000000740000000, 0x0000000800000000)
  region size 2048K, 4 young (8192K), 4 survivors (8192K)
 Metaspace       used 123812K, committed 126272K, reserved 1179648K
  class space    used 17426K, committed 18624K, reserved 1048576K
}
Event: 18.561 GC heap before
{Heap before GC invocations=51 (full 0):
 garbage-first heap   total 212992K, used 190927K [0x0000000740000000, 0x0000000800000000)
  region size 2048K, 34 young (69632K), 4 survivors (8192K)
 Metaspace       used 125622K, committed 128000K, reserved 1179648K
  class space    used 17697K, committed 18880K, reserved 1048576K
}
Event: 18.568 GC heap after
{Heap after GC invocations=52 (full 0):
 garbage-first heap   total 217088K, used 142236K [0x0000000740000000, 0x0000000800000000)
  region size 2048K, 5 young (10240K), 5 survivors (10240K)
 Metaspace       used 125622K, committed 128000K, reserved 1179648K
  class space    used 17697K, committed 18880K, reserved 1048576K
}
Event: 18.681 GC heap before
{Heap before GC invocations=52 (full 0):
 garbage-first heap   total 217088K, used 193436K [0x0000000740000000, 0x0000000800000000)
  region size 2048K, 30 young (61440K), 5 survivors (10240K)
 Metaspace       used 125673K, committed 128128K, reserved 1179648K
  class space    used 17700K, committed 18880K, reserved 1048576K
}
Event: 18.690 GC heap after
{Heap after GC invocations=53 (full 0):
 garbage-first heap   total 217088K, used 153414K [0x0000000740000000, 0x0000000800000000)
  region size 2048K, 4 young (8192K), 4 survivors (8192K)
 Metaspace       used 125673K, committed 128128K, reserved 1179648K
  class space    used 17700K, committed 18880K, reserved 1048576K
}
Event: 18.762 GC heap before
{Heap before GC invocations=53 (full 0):
 garbage-first heap   total 217088K, used 194374K [0x0000000740000000, 0x0000000800000000)
  region size 2048K, 24 young (49152K), 4 survivors (8192K)
 Metaspace       used 125711K, committed 128192K, reserved 1179648K
  class space    used 17705K, committed 18880K, reserved 1048576K
}
Event: 18.771 GC heap after
{Heap after GC invocations=54 (full 0):
 garbage-first heap   total 217088K, used 163840K [0x0000000740000000, 0x0000000800000000)
  region size 2048K, 3 young (6144K), 3 survivors (6144K)
 Metaspace       used 125711K, committed 128192K, reserved 1179648K
  class space    used 17705K, committed 18880K, reserved 1048576K
}
Event: 18.831 GC heap before
{Heap before GC invocations=54 (full 0):
 garbage-first heap   total 274432K, used 196608K [0x0000000740000000, 0x0000000800000000)
  region size 2048K, 19 young (38912K), 3 survivors (6144K)
 Metaspace       used 125730K, committed 128192K, reserved 1179648K
  class space    used 17707K, committed 18880K, reserved 1048576K
}

Dll operation events (3 events):
Event: 0.007 Loaded shared library C:\Program Files\Android\Android Studio\jbr\bin\java.dll
Event: 0.011 Loaded shared library C:\Program Files\Android\Android Studio\jbr\bin\zip.dll
Event: 0.710 Loaded shared library C:\Program Files\Android\Android Studio\jbr\bin\verify.dll

Deoptimization events (20 events):
Event: 18.776 Thread 0x000001dc73481430 Uncommon trap: trap_request=0xffffffbe fr.pc=0x000001dc59bf9160 relative=0x0000000000001260
Event: 18.776 Thread 0x000001dc73481430 Uncommon trap: reason=profile_predicate action=maybe_recompile pc=0x000001dc59bf9160 method=com.android.tools.r8.internal.os2.put(Ljava/lang/Object;Ljava/lang/Object;)Ljava/lang/Object; @ 92 c2
Event: 18.776 Thread 0x000001dc73481430 DEOPT PACKING pc=0x000001dc59bf9160 sp=0x00000025146fdc00
Event: 18.776 Thread 0x000001dc73481430 DEOPT UNPACKING pc=0x000001dc58ee4422 sp=0x00000025146fdbe8 mode 2
Event: 18.776 Thread 0x000001dc73481430 Uncommon trap: trap_request=0xffffffbe fr.pc=0x000001dc59bf9160 relative=0x0000000000001260
Event: 18.776 Thread 0x000001dc73481430 Uncommon trap: reason=profile_predicate action=maybe_recompile pc=0x000001dc59bf9160 method=com.android.tools.r8.internal.os2.put(Ljava/lang/Object;Ljava/lang/Object;)Ljava/lang/Object; @ 92 c2
Event: 18.776 Thread 0x000001dc73481430 DEOPT PACKING pc=0x000001dc59bf9160 sp=0x00000025146fdc00
Event: 18.776 Thread 0x000001dc73481430 DEOPT UNPACKING pc=0x000001dc58ee4422 sp=0x00000025146fdbe8 mode 2
Event: 18.776 Thread 0x000001dc73481430 Uncommon trap: trap_request=0xffffffbe fr.pc=0x000001dc59bf9160 relative=0x0000000000001260
Event: 18.776 Thread 0x000001dc73481430 Uncommon trap: reason=profile_predicate action=maybe_recompile pc=0x000001dc59bf9160 method=com.android.tools.r8.internal.os2.put(Ljava/lang/Object;Ljava/lang/Object;)Ljava/lang/Object; @ 92 c2
Event: 18.776 Thread 0x000001dc73481430 DEOPT PACKING pc=0x000001dc59bf9160 sp=0x00000025146fdc00
Event: 18.776 Thread 0x000001dc73481430 DEOPT UNPACKING pc=0x000001dc58ee4422 sp=0x00000025146fdbe8 mode 2
Event: 18.776 Thread 0x000001dc73482150 DEOPT PACKING pc=0x000001dc5301b80c sp=0x0000002513ffec40
Event: 18.776 Thread 0x000001dc73482150 DEOPT UNPACKING pc=0x000001dc58ee4bc2 sp=0x0000002513ffe040 mode 0
Event: 18.810 Thread 0x000001dc73480da0 DEOPT PACKING pc=0x000001dc5301b80c sp=0x00000025144ff2e0
Event: 18.810 Thread 0x000001dc73480da0 DEOPT UNPACKING pc=0x000001dc58ee4bc2 sp=0x00000025144fe6e0 mode 0
Event: 18.813 Thread 0x000001dc73482e70 DEOPT PACKING pc=0x000001dc5301b80c sp=0x00000025141fecb0
Event: 18.813 Thread 0x000001dc73482e70 DEOPT UNPACKING pc=0x000001dc58ee4bc2 sp=0x00000025141fe0b0 mode 0
Event: 18.819 Thread 0x000001dc73484220 DEOPT PACKING pc=0x000001dc5301b80c sp=0x00000025143fecb0
Event: 18.819 Thread 0x000001dc73484220 DEOPT UNPACKING pc=0x000001dc58ee4bc2 sp=0x00000025143fe0b0 mode 0

Classes loaded (20 events):
Event: 17.988 Loading class java/util/zip/ZipOutputStream
Event: 17.989 Loading class java/util/zip/ZipOutputStream done
Event: 18.108 Loading class java/io/UTFDataFormatException
Event: 18.108 Loading class java/io/UTFDataFormatException done
Event: 18.233 Loading class java/util/stream/IntPipeline$1
Event: 18.234 Loading class java/util/stream/IntPipeline$1 done
Event: 18.234 Loading class java/util/stream/IntPipeline$1$1
Event: 18.234 Loading class java/util/stream/Sink$ChainedInt
Event: 18.235 Loading class java/util/stream/Sink$ChainedInt done
Event: 18.235 Loading class java/util/stream/IntPipeline$1$1 done
Event: 18.392 Loading class java/util/concurrent/ForkJoinTask$AdaptedInterruptibleCallable
Event: 18.392 Loading class java/util/concurrent/ForkJoinTask$InterruptibleTask
Event: 18.393 Loading class java/util/concurrent/ForkJoinTask$InterruptibleTask done
Event: 18.393 Loading class java/util/concurrent/ForkJoinTask$AdaptedInterruptibleCallable done
Event: 18.393 Loading class java/util/concurrent/ForkJoinTask$Aux
Event: 18.393 Loading class java/util/concurrent/ForkJoinTask$Aux done
Event: 18.393 Loading class java/util/concurrent/ForkJoinPool$DefaultForkJoinWorkerThreadFactory$1
Event: 18.393 Loading class java/util/concurrent/ForkJoinPool$DefaultForkJoinWorkerThreadFactory$1 done
Event: 18.773 Loading class java/util/concurrent/CountedCompleter
Event: 18.774 Loading class java/util/concurrent/CountedCompleter done

Classes unloaded (0 events):
No events

Classes redefined (0 events):
No events

Internal exceptions (20 events):
Event: 18.515 Thread 0x000001dc73482e70 Exception <a 'sun/nio/fs/WindowsException'{0x000000074931f758}> (0x000000074931f758) 
thrown [s\src\hotspot\share\prims\jni.cpp, line 537]
Event: 18.516 Thread 0x000001dc73482e70 Exception <a 'sun/nio/fs/WindowsException'{0x00000007493aa158}> (0x00000007493aa158) 
thrown [s\src\hotspot\share\prims\jni.cpp, line 537]
Event: 18.517 Thread 0x000001dc73482e70 Exception <a 'sun/nio/fs/WindowsException'{0x00000007493c8a88}> (0x00000007493c8a88) 
thrown [s\src\hotspot\share\prims\jni.cpp, line 537]
Event: 18.519 Thread 0x000001dc73481ac0 Exception <a 'sun/nio/fs/WindowsException'{0x00000007490c2fa0}> (0x00000007490c2fa0) 
thrown [s\src\hotspot\share\prims\jni.cpp, line 537]
Event: 18.520 Thread 0x000001dc73483b90 Exception <a 'sun/nio/fs/WindowsException'{0x0000000749145d50}> (0x0000000749145d50) 
thrown [s\src\hotspot\share\prims\jni.cpp, line 537]
Event: 18.521 Thread 0x000001dc73484220 Exception <a 'sun/nio/fs/WindowsException'{0x000000074915fc30}> (0x000000074915fc30) 
thrown [s\src\hotspot\share\prims\jni.cpp, line 537]
Event: 18.521 Thread 0x000001dc734862f0 Exception <a 'sun/nio/fs/WindowsException'{0x000000074915c3c0}> (0x000000074915c3c0) 
thrown [s\src\hotspot\share\prims\jni.cpp, line 537]
Event: 18.521 Thread 0x000001dc73484220 Exception <a 'sun/nio/fs/WindowsException'{0x000000074916a390}> (0x000000074916a390) 
thrown [s\src\hotspot\share\prims\jni.cpp, line 537]
Event: 18.522 Thread 0x000001dc734862f0 Exception <a 'sun/nio/fs/WindowsException'{0x000000074916fc68}> (0x000000074916fc68) 
thrown [s\src\hotspot\share\prims\jni.cpp, line 537]
Event: 18.522 Thread 0x000001dc734862f0 Exception <a 'sun/nio/fs/WindowsException'{0x00000007491ef720}> (0x00000007491ef720) 
thrown [s\src\hotspot\share\prims\jni.cpp, line 537]
Event: 18.523 Thread 0x000001dc73483b90 Exception <a 'sun/nio/fs/WindowsException'{0x0000000748e05348}> (0x0000000748e05348) 
thrown [s\src\hotspot\share\prims\jni.cpp, line 537]
Event: 18.531 Thread 0x000001dc734827e0 Exception <a 'sun/nio/fs/WindowsException'{0x000000074847fa48}> (0x000000074847fa48) 
thrown [s\src\hotspot\share\prims\jni.cpp, line 537]
Event: 18.532 Thread 0x000001dc734827e0 Exception <a 'sun/nio/fs/WindowsException'{0x00000007484d5258}> (0x00000007484d5258) 
thrown [s\src\hotspot\share\prims\jni.cpp, line 537]
Event: 18.588 Thread 0x000001dc73481ac0 Exception <a 'sun/nio/fs/WindowsException'{0x00000007fe5d8c38}> (0x00000007fe5d8c38) 
thrown [s\src\hotspot\share\prims\jni.cpp, line 537]
Event: 18.588 Thread 0x000001dc734848b0 Exception <a 'sun/nio/fs/WindowsException'{0x00000007fe5cccc8}> (0x00000007fe5cccc8) 
thrown [s\src\hotspot\share\prims\jni.cpp, line 537]
Event: 18.617 Thread 0x000001dc73484220 Exception <a 'sun/nio/fs/WindowsException'{0x000000074a116068}> (0x000000074a116068) 
thrown [s\src\hotspot\share\prims\jni.cpp, line 537]
Event: 18.673 Thread 0x000001dc73480710 Exception <a 'sun/nio/fs/WindowsException'{0x00000007493e0198}> (0x00000007493e0198) 
thrown [s\src\hotspot\share\prims\jni.cpp, line 537]
Event: 18.725 Thread 0x000001dc6c59e300 Exception <a 'sun/nio/fs/WindowsException'{0x000000074a65cd28}> (0x000000074a65cd28) 
thrown [s\src\hotspot\share\prims\jni.cpp, line 537]
Event: 18.776 Thread 0x000001dc734827e0 Exception <a 'sun/nio/fs/WindowsException'{0x00000007ff12d058}> (0x00000007ff12d058) 
thrown [s\src\hotspot\share\prims\jni.cpp, line 537]
Event: 18.821 Thread 0x000001dc73484220 Exception <a 'sun/nio/fs/WindowsException'{0x000000074da05450}> (0x000000074da05450) 
thrown [s\src\hotspot\share\prims\jni.cpp, line 537]

ZGC Phase Switch (0 events):
No events

VM Operations (20 events):
Event: 17.741 Executing non-safepoint VM operation: HandshakeAllThreads (Deoptimize) done
Event: 17.796 Executing safepoint VM operation: G1CollectForAllocation (G1 Evacuation Pause)
Event: 17.800 Executing safepoint VM operation: G1CollectForAllocation (G1 Evacuation Pause) done
Event: 17.873 Executing safepoint VM operation: G1PauseRemark
Event: 17.878 Executing safepoint VM operation: G1PauseRemark done
Event: 17.914 Executing safepoint VM operation: G1PauseCleanup
Event: 17.914 Executing safepoint VM operation: G1PauseCleanup done
Event: 18.412 Executing safepoint VM operation: G1CollectForAllocation (G1 Evacuation Pause)
Event: 18.416 Executing safepoint VM operation: G1CollectForAllocation (G1 Evacuation Pause) done
Event: 18.561 Executing safepoint VM operation: G1CollectForAllocation (G1 Evacuation Pause)
Event: 18.568 Executing safepoint VM operation: G1CollectForAllocation (G1 Evacuation Pause) done
Event: 18.681 Executing safepoint VM operation: G1CollectForAllocation (G1 Evacuation Pause)
Event: 18.690 Executing safepoint VM operation: G1CollectForAllocation (G1 Evacuation Pause) done
Event: 18.745 Executing non-safepoint VM operation: HandshakeAllThreads (Deoptimize)
Event: 18.762 Executing non-safepoint VM operation: HandshakeAllThreads (Deoptimize) done
Event: 18.762 Executing safepoint VM operation: G1CollectForAllocation (G1 Evacuation Pause)
Event: 18.771 Executing safepoint VM operation: G1CollectForAllocation (G1 Evacuation Pause) done
Event: 18.783 Executing safepoint VM operation: G1PauseRemark
Event: 18.789 Executing safepoint VM operation: G1PauseRemark done
Event: 18.831 Executing safepoint VM operation: G1CollectForAllocation (G1 Evacuation Pause)

Memory protections (0 events):
No events

Nmethod flushes (20 events):
Event: 18.787 Thread 0x000001dc67713010 flushing  nmethod 0x000001dc51e2d910
Event: 18.787 Thread 0x000001dc67713010 flushing  nmethod 0x000001dc51ebf810
Event: 18.787 Thread 0x000001dc67713010 flushing  nmethod 0x000001dc5209dc90
Event: 18.787 Thread 0x000001dc67713010 flushing  nmethod 0x000001dc521dd510
Event: 18.787 Thread 0x000001dc67713010 flushing  nmethod 0x000001dc5227d790
Event: 18.787 Thread 0x000001dc67713010 flushing  nmethod 0x000001dc52286790
Event: 18.787 Thread 0x000001dc67713010 flushing  nmethod 0x000001dc52288290
Event: 18.787 Thread 0x000001dc67713010 flushing  nmethod 0x000001dc52316510
Event: 18.787 Thread 0x000001dc67713010 flushing  nmethod 0x000001dc52380710
Event: 18.788 Thread 0x000001dc67713010 flushing  nmethod 0x000001dc52383310
Event: 18.788 Thread 0x000001dc67713010 flushing  nmethod 0x000001dc52385710
Event: 18.788 Thread 0x000001dc67713010 flushing  nmethod 0x000001dc52385a90
Event: 18.788 Thread 0x000001dc67713010 flushing  nmethod 0x000001dc52386b10
Event: 18.788 Thread 0x000001dc67713010 flushing  nmethod 0x000001dc5253fd10
Event: 18.788 Thread 0x000001dc67713010 flushing  nmethod 0x000001dc52542b90
Event: 18.788 Thread 0x000001dc67713010 flushing  nmethod 0x000001dc52544e90
Event: 18.788 Thread 0x000001dc67713010 flushing  nmethod 0x000001dc52597710
Event: 18.788 Thread 0x000001dc67713010 flushing  nmethod 0x000001dc52597d90
Event: 18.788 Thread 0x000001dc67713010 flushing  nmethod 0x000001dc52a20e90
Event: 18.788 Thread 0x000001dc67713010 flushing  nmethod 0x000001dc52b23a10

Events (20 events):
Event: 16.146 Thread 0x000001dc721cc870 Thread added: 0x000001dc6c59dc70
Event: 16.146 Thread 0x000001dc721cc870 Thread added: 0x000001dc6c59f020
Event: 16.146 Thread 0x000001dc721cc870 Thread added: 0x000001dc6c5a0a60
Event: 16.146 Thread 0x000001dc721cc870 Thread added: 0x000001dc6c59e300
Event: 16.146 Thread 0x000001dc721cc870 Thread added: 0x000001dc6c59e990
Event: 16.164 Thread 0x000001dc721cc870 Thread added: 0x000001dc6c59d5e0
Event: 17.623 Thread 0x000001dc72739860 Thread added: 0x000001dc6c1e0390
Event: 18.394 Thread 0x000001dc6c59e300 Thread added: 0x000001dc73483500
Event: 18.394 Thread 0x000001dc6c59e300 Thread added: 0x000001dc73480710
Event: 18.395 Thread 0x000001dc73480710 Thread added: 0x000001dc73482150
Event: 18.395 Thread 0x000001dc73482150 Thread added: 0x000001dc734827e0
Event: 18.395 Thread 0x000001dc734827e0 Thread added: 0x000001dc73482e70
Event: 18.395 Thread 0x000001dc6c1e0390 Thread exited: 0x000001dc6c1e0390
Event: 18.395 Thread 0x000001dc73482e70 Thread added: 0x000001dc73481ac0
Event: 18.396 Thread 0x000001dc73481ac0 Thread added: 0x000001dc73483b90
Event: 18.396 Thread 0x000001dc73483b90 Thread added: 0x000001dc73484220
Event: 18.396 Thread 0x000001dc73484220 Thread added: 0x000001dc73480da0
Event: 18.396 Thread 0x000001dc73480da0 Thread added: 0x000001dc734848b0
Event: 18.397 Thread 0x000001dc734848b0 Thread added: 0x000001dc73481430
Event: 18.397 Thread 0x000001dc6c59e300 Thread added: 0x000001dc734862f0


Dynamic libraries:
0x00007ff706de0000 - 0x00007ff706dea000 	C:\Program Files\Android\Android Studio\jbr\bin\java.exe
0x00007ffd4de20000 - 0x00007ffd4e086000 	C:\WINDOWS\SYSTEM32\ntdll.dll
0x00007ffd4ca40000 - 0x00007ffd4cb09000 	C:\WINDOWS\System32\KERNEL32.DLL
0x00007ffd4b410000 - 0x00007ffd4b80a000 	C:\WINDOWS\System32\KERNELBASE.dll
0x00007ffd4b990000 - 0x00007ffd4badc000 	C:\WINDOWS\System32\ucrtbase.dll
0x00007ffd3a470000 - 0x00007ffd3a48b000 	C:\Program Files\Android\Android Studio\jbr\bin\VCRUNTIME140.dll
0x00007ffd3a850000 - 0x00007ffd3a868000 	C:\Program Files\Android\Android Studio\jbr\bin\jli.dll
0x00007ffd4cce0000 - 0x00007ffd4cea7000 	C:\WINDOWS\System32\USER32.dll
0x00007ffd4b0b0000 - 0x00007ffd4b0d7000 	C:\WINDOWS\System32\win32u.dll
0x00007ffd4d4e0000 - 0x00007ffd4d50b000 	C:\WINDOWS\System32\GDI32.dll
0x00007ffd4b220000 - 0x00007ffd4b34b000 	C:\WINDOWS\System32\gdi32full.dll
0x00007ffd35aa0000 - 0x00007ffd35d32000 	C:\WINDOWS\WinSxS\amd64_microsoft.windows.common-controls_6595b64144ccf1df_6.0.26100.8521_none_3e08b75ce33403b3\COMCTL32.dll
0x00007ffd4b0e0000 - 0x00007ffd4b183000 	C:\WINDOWS\System32\msvcp_win.dll
0x00007ffd4bbf0000 - 0x00007ffd4bc99000 	C:\WINDOWS\System32\msvcrt.dll
0x00007ffd4dce0000 - 0x00007ffd4dd12000 	C:\WINDOWS\System32\IMM32.DLL
0x00007ffd27f10000 - 0x00007ffd28002000 	C:\Program Files\Windhawk\Engine\1.6.1\64\windhawk.dll
0x00007ffd4dd20000 - 0x00007ffd4ddd6000 	C:\WINDOWS\System32\ADVAPI32.dll
0x00007ffd4c750000 - 0x00007ffd4c7fa000 	C:\WINDOWS\System32\sechost.dll
0x00007ffd4d3b0000 - 0x00007ffd4d4c8000 	C:\WINDOWS\System32\RPCRT4.dll
0x00007ffd3a460000 - 0x00007ffd3a46c000 	C:\Program Files\Android\Android Studio\jbr\bin\vcruntime140_1.dll
0x00007ffd03490000 - 0x00007ffd0351d000 	C:\Program Files\Android\Android Studio\jbr\bin\msvcp140.dll
0x00007ffcc2140000 - 0x00007ffcc2dd6000 	C:\Program Files\Android\Android Studio\jbr\bin\server\jvm.dll
0x00007ffd4cb90000 - 0x00007ffd4cc10000 	C:\WINDOWS\System32\WS2_32.dll
0x00007ffd4af10000 - 0x00007ffd4af6e000 	C:\WINDOWS\SYSTEM32\POWRPROF.dll
0x00007ffd42ca0000 - 0x00007ffd42cd6000 	C:\WINDOWS\SYSTEM32\WINMM.dll
0x00007ffd35d40000 - 0x00007ffd35d4b000 	C:\WINDOWS\SYSTEM32\VERSION.dll
0x00007ffd4aef0000 - 0x00007ffd4af04000 	C:\WINDOWS\SYSTEM32\UMPDC.dll
0x00007ffd49e40000 - 0x00007ffd49e5b000 	C:\WINDOWS\SYSTEM32\kernel.appcore.dll
0x00007ffd39830000 - 0x00007ffd3983a000 	C:\Program Files\Android\Android Studio\jbr\bin\jimage.dll
0x00007ffd48410000 - 0x00007ffd48652000 	C:\WINDOWS\SYSTEM32\DBGHELP.DLL
0x00007ffd4c020000 - 0x00007ffd4c3a3000 	C:\WINDOWS\System32\combase.dll
0x00007ffd4c800000 - 0x00007ffd4c8d9000 	C:\WINDOWS\System32\OLEAUT32.dll
0x00007ffd37380000 - 0x00007ffd373bb000 	C:\WINDOWS\SYSTEM32\dbgcore.DLL
0x00007ffd4bae0000 - 0x00007ffd4bb88000 	C:\WINDOWS\System32\bcryptPrimitives.dll
0x00007ffd3a5a0000 - 0x00007ffd3a5ae000 	C:\Program Files\Android\Android Studio\jbr\bin\instrument.dll
0x00007ffd39810000 - 0x00007ffd39830000 	C:\Program Files\Android\Android Studio\jbr\bin\java.dll
0x00007ffd38660000 - 0x00007ffd38678000 	C:\Program Files\Android\Android Studio\jbr\bin\zip.dll
0x00007ffd4d520000 - 0x00007ffd4dca4000 	C:\WINDOWS\System32\SHELL32.dll
0x00007ffd48c90000 - 0x00007ffd49510000 	C:\WINDOWS\SYSTEM32\windows.storage.dll
0x00007ffd4c3b0000 - 0x00007ffd4c4a6000 	C:\WINDOWS\System32\SHCORE.dll
0x00007ffd4d340000 - 0x00007ffd4d3a7000 	C:\WINDOWS\System32\shlwapi.dll
0x00007ffd4afd0000 - 0x00007ffd4aff9000 	C:\WINDOWS\SYSTEM32\profapi.dll
0x00007ffd396c0000 - 0x00007ffd396d0000 	C:\Program Files\Android\Android Studio\jbr\bin\net.dll
0x00007ffd42980000 - 0x00007ffd42aa9000 	C:\WINDOWS\SYSTEM32\WINHTTP.dll
0x00007ffd4a3b0000 - 0x00007ffd4a41c000 	C:\WINDOWS\system32\mswsock.dll
0x00007ffd38340000 - 0x00007ffd38356000 	C:\Program Files\Android\Android Studio\jbr\bin\nio.dll
0x00007ffd37f90000 - 0x00007ffd37fa0000 	C:\Program Files\Android\Android Studio\jbr\bin\verify.dll
0x00007ffd37600000 - 0x00007ffd37627000 	C:\Users\delos\.gradle\native\660c5614fbf4a5f2a75b1949f50a0caf5cd603558e7d8a26e50b933a0cfb79d1\windows-amd64\native-platform.dll
0x00007ffd09be0000 - 0x00007ffd09c57000 	C:\Users\delos\.gradle\native\0.2.8\x86_64-windows-gnu\gradle-fileevents.dll
0x00007ffd384f0000 - 0x00007ffd384f9000 	C:\Program Files\Android\Android Studio\jbr\bin\management.dll
0x00007ffd38330000 - 0x00007ffd3833b000 	C:\Program Files\Android\Android Studio\jbr\bin\management_ext.dll
0x00007ffd4c6b0000 - 0x00007ffd4c6b8000 	C:\WINDOWS\System32\PSAPI.DLL
0x00007ffd49980000 - 0x00007ffd499b3000 	C:\WINDOWS\SYSTEM32\IPHLPAPI.DLL
0x00007ffd4d510000 - 0x00007ffd4d51a000 	C:\WINDOWS\System32\NSI.dll
0x00007ffd38540000 - 0x00007ffd38549000 	C:\Program Files\Android\Android Studio\jbr\bin\extnet.dll
0x00007ffd4a690000 - 0x00007ffd4a6ab000 	C:\WINDOWS\SYSTEM32\CRYPTSP.dll
0x00007ffd49da0000 - 0x00007ffd49dd9000 	C:\WINDOWS\system32\rsaenh.dll
0x00007ffd4a460000 - 0x00007ffd4a493000 	C:\WINDOWS\SYSTEM32\USERENV.dll
0x00007ffd4afa0000 - 0x00007ffd4afca000 	C:\WINDOWS\SYSTEM32\bcrypt.dll
0x00007ffd4a6b0000 - 0x00007ffd4a6bc000 	C:\WINDOWS\SYSTEM32\CRYPTBASE.dll
0x00007ffd392d0000 - 0x00007ffd392d8000 	C:\WINDOWS\system32\wshunix.dll

JVMTI agents:
C:\Users\delos\.gradle\wrapper\dists\gradle-9.4.1-bin\arn2x92ynaizyzdaamcbpbhtj\gradle-9.4.1\lib\agents\gradle-instrumentation-agent-9.4.1.jar path:C:\Program Files\Android\Android Studio\jbr\bin\instrument.dll, loaded, initialized, instrumentlib options:none

dbghelp: loaded successfully - version: 4.0.5 - missing functions: none
symbol engine: initialized successfully - sym options: 0x614 - pdb path: .;C:\Program Files\Android\Android Studio\jbr\bin;C:\WINDOWS\SYSTEM32;C:\WINDOWS\WinSxS\amd64_microsoft.windows.common-controls_6595b64144ccf1df_6.0.26100.8521_none_3e08b75ce33403b3;C:\Program Files\Windhawk\Engine\1.6.1\64;C:\Program Files\Android\Android Studio\jbr\bin\server;C:\Users\delos\.gradle\native\660c5614fbf4a5f2a75b1949f50a0caf5cd603558e7d8a26e50b933a0cfb79d1\windows-amd64;C:\Users\delos\.gradle\native\0.2.8\x86_64-windows-gnu

VM Arguments:
jvm_args: --add-opens=java.base/java.lang=ALL-UNNAMED --add-opens=java.base/java.lang.invoke=ALL-UNNAMED --add-opens=java.base/java.util=ALL-UNNAMED --add-opens=java.prefs/java.util.prefs=ALL-UNNAMED --add-exports=jdk.compiler/com.sun.tools.javac.api=ALL-UNNAMED --add-exports=jdk.compiler/com.sun.tools.javac.util=ALL-UNNAMED --add-opens=java.base/java.util=ALL-UNNAMED --add-opens=java.prefs/java.util.prefs=ALL-UNNAMED --add-opens=java.base/java.nio.charset=ALL-UNNAMED --add-opens=java.base/java.net=ALL-UNNAMED --add-opens=java.base/java.util.concurrent=ALL-UNNAMED --add-opens=java.base/java.util.concurrent.atomic=ALL-UNNAMED --add-opens=java.xml/javax.xml.namespace=ALL-UNNAMED --add-opens=java.base/java.time=ALL-UNNAMED -Xmx3072m -Dfile.encoding=UTF-8 -Duser.country=US -Duser.language=en -Duser.variant -javaagent:C:\Users\delos\.gradle\wrapper\dists\gradle-9.4.1-bin\arn2x92ynaizyzdaamcbpbhtj\gradle-9.4.1\lib\agents\gradle-instrumentation-agent-9.4.1.jar 
java_command: org.gradle.launcher.daemon.bootstrap.GradleDaemon 9.4.1
java_class_path (initial): C:\Users\delos\.gradle\wrapper\dists\gradle-9.4.1-bin\arn2x92ynaizyzdaamcbpbhtj\gradle-9.4.1\lib\gradle-daemon-main-9.4.1.jar
Launcher Type: SUN_STANDARD

[Global flags]
     intx CICompilerCount                          = 4                                         {product} {ergonomic}
     uint ConcGCThreads                            = 3                                         {product} {ergonomic}
     uint G1ConcRefinementThreads                  = 10                                        {product} {ergonomic}
   size_t G1HeapRegionSize                         = 2097152                                   {product} {ergonomic}
    uintx GCDrainStackTargetSize                   = 64                                        {product} {ergonomic}
   size_t InitialHeapSize                          = 132120576                                 {product} {ergonomic}
   size_t MarkStackSize                            = 4194304                                   {product} {ergonomic}
   size_t MaxHeapSize                              = 3221225472                                {product} {command line}
   size_t MaxNewSize                               = 1931476992                                {product} {ergonomic}
   size_t MinHeapDeltaBytes                        = 2097152                                   {product} {ergonomic}
   size_t MinHeapSize                              = 8388608                                   {product} {ergonomic}
    uintx NonNMethodCodeHeapSize                   = 5839372                                {pd product} {ergonomic}
    uintx NonProfiledCodeHeapSize                  = 122909434                              {pd product} {ergonomic}
    uintx ProfiledCodeHeapSize                     = 122909434                              {pd product} {ergonomic}
    uintx ReservedCodeCacheSize                    = 251658240                              {pd product} {ergonomic}
     bool SegmentedCodeCache                       = true                                      {product} {ergonomic}
   size_t SoftMaxHeapSize                          = 3221225472                             {manageable} {ergonomic}
     bool UseCompressedOops                        = true                           {product lp64_product} {ergonomic}
     bool UseG1GC                                  = true                                      {product} {ergonomic}
     bool UseLargePagesIndividualAllocation        = false                                  {pd product} {ergonomic}

Logging:
Log output configuration:
 #0: stdout all=warning uptime,level,tags foldmultilines=false
 #1: stderr all=off uptime,level,tags foldmultilines=false

Release file:
JAVA_VERSION="21.0.10" 
MODULES="java.base java.compiler java.datatransfer java.xml java.prefs java.desktop java.instrument java.logging java.management java.security.sasl java.naming java.rmi java.management.rmi java.net.http java.scripting java.security.jgss java.transaction.xa java.sql java.sql.rowset java.xml.crypto java.se java.smartcardio jdk.accessibility jdk.internal.jvmstat jdk.attach jdk.charsets jdk.internal.opt jdk.zipfs jdk.compiler jdk.crypto.ec jdk.crypto.cryptoki jdk.dynalink jdk.hotspot.agent jdk.httpserver jdk.internal.ed jdk.internal.le jdk.internal.vm.ci jdk.jartool jdk.javadoc jdk.jcmd jdk.jdeps jdk.jdwp.agent jdk.jdi jdk.jfr jdk.jlink jdk.jsobject jdk.localedata jdk.management jdk.management.agent jdk.management.jfr jdk.naming.dns jdk.naming.rmi jdk.net jdk.sctp jdk.security.auth jdk.security.jgss jdk.unsupported jdk.unsupported.desktop jdk.xml.dom" 
IMPLEMENTOR="JetBrains s.r.o." 
JAVA_RUNTIME_VERSION="21.0.10+-14961533-b1163.108" 
LIBC="default" 
OS_ARCH="x86_64" 
OS_NAME="Windows" 
SOURCE=".:git:1351622c2ff2" 

Environment Variables:
PATH=C:\Program Files (x86)\Common Files\Oracle\Java\javapath;C:\WINDOWS\system32;C:\WINDOWS;C:\WINDOWS\System32\Wbem;C:\WINDOWS\System32\WindowsPowerShell\v1.0\;C:\WINDOWS\System32\OpenSSH\;C:\Program Files\dotnet\;C:\Program Files\nodejs\;C:\Program Files\Microsoft SQL Server\150\Tools\Binn\;C:\Program Files\Microsoft SQL Server\Client SDK\ODBC\170\Tools\Binn\;C:\ProgramData\ComposerSetup\bin;C:\Program Files\PuTTY\;C:\Program Files\Git\cmd;C:\Users\delos\AppData\Local\Microsoft\WindowsApps;C:\Users\delos\AppData\Local\Programs\Microsoft VS Code\bin;C:\laragon\bin\php\php-8.1.10-Win32-vs16-x64\;C:\Users\delos\AppData\Roaming\npm;C:\Users\delos\.dotnet\tools;C:\Users\delos\AppData\Roaming\Composer\vendor\bin;C:\Users\delos\AppData\Local\Microsoft\WinGet\Links;C:\Users\delos\AppData\Local\Microsoft\WinGet\Packages\yt-dlp.FFmpeg_Microsoft.Winget.Source_8wekyb3d8bbwe\ffmpeg-N-123074-g4e32fb4c2a-win64-gpl/bin;;C:\Users\delos\AppData\Local\Programs\Ollama
USERNAME=delos
OS=Windows_NT
PROCESSOR_IDENTIFIER=Intel64 Family 6 Model 154 Stepping 4, GenuineIntel
TMP=C:\Users\delos\AppData\Local\Temp
TEMP=C:\Users\delos\AppData\Local\Temp




Periodic native trim disabled

JNI global refs:
JNI global refs: 29, weak refs: 40

JNI global refs memory usage: 835, weak refs: 833

Process memory usage:
Resident Set Size: 557084K (6% of 8208784K total physical memory with 500700K free physical memory)

OOME stack traces (most recent first):
Classloader memory used:
Loader org.gradle.internal.classloader.VisitableURLClassLoader                         : 45569K
Loader org.gradle.internal.classloader.VisitableURLClassLoader$InstrumentingVisitableURLClassLoader: 36835K
Loader bootstrap                                                                       : 28945K
Loader org.gradle.initialization.MixInLegacyTypesClassLoader                           : 13265K
Loader jdk.internal.reflect.DelegatingClassLoader                                      : 361K
Loader org.gradle.internal.classloader.VisitableURLClassLoader                         : 247K
Loader jdk.internal.loader.ClassLoaders$AppClassLoader                                 : 197K
Loader org.gradle.groovy.scripts.internal.DefaultScriptCompilationHandler$ScriptClassLoader: 159K
Loader jdk.internal.loader.ClassLoaders$PlatformClassLoader                            : 149K

Classes loaded by more than one classloader:
Class Program                                                                         : loaded 5 times (x 72B)
Class Build_gradle                                                                    : loaded 3 times (x 126B)
Class com.google.common.collect.RegularImmutableMap$KeySet                            : loaded 2 times (x 152B)
Class org.gradle.internal.classloader.FilteringClassLoader                            : loaded 2 times (x 105B)
Class com.google.common.base.CharMatcher$IsEither                                     : loaded 2 times (x 111B)
Class org.gradle.internal.classloader.ClassLoaderHierarchy                            : loaded 2 times (x 70B)
Class com.google.common.collect.ImmutableEnumSet                                      : loaded 2 times (x 146B)
Class com.google.common.util.concurrent.ExecutionError                                : loaded 2 times (x 82B)
Class com.google.common.collect.ImmutableList$1                                       : loaded 2 times (x 97B)
Class com.google.common.collect.RegularImmutableMap                                   : loaded 2 times (x 121B)
Class com.google.common.collect.ImmutableMap$MapViewOfValuesAsSingletonSets           : loaded 2 times (x 126B)
Class [Lorg.objectweb.asm.Symbol;                                                     : loaded 2 times (x 69B)
Class org.objectweb.asm.ClassVisitor                                                  : loaded 2 times (x 88B)
Class com.google.common.collect.UnmodifiableListIterator                              : loaded 2 times (x 95B)
Class com.google.common.base.Platform$JdkPatternCompiler                              : loaded 2 times (x 75B)
Class org.objectweb.asm.MethodTooLargeException                                       : loaded 2 times (x 83B)
Class [Lcom.google.common.cache.CacheBuilder$OneWeigher;                              : loaded 2 times (x 69B)
Class com.google.common.base.Suppliers                                                : loaded 2 times (x 71B)
Class ijJvmDebugger1_cao8232z4ije7eb1wldzzfxxs$_run_closure1                          : loaded 2 times (x 139B)
Class org.gradle.internal.classloader.DefaultClassLoaderFactory                       : loaded 2 times (x 82B)
Class org.gradle.internal.classloader.ClassLoaderVisitor                              : loaded 2 times (x 76B)
Class [Lcom.google.common.collect.ImmutableMapEntry;                                  : loaded 2 times (x 69B)
Class com.google.common.collect.ListMultimap                                          : loaded 2 times (x 70B)
Class com.google.common.collect.ImmutableEnumMap                                      : loaded 2 times (x 126B)
Class com.google.common.collect.Sets$1                                                : loaded 2 times (x 139B)
Class org.objectweb.asm.AnnotationVisitor                                             : loaded 2 times (x 78B)
Class org.gradle.api.internal.DefaultClassPathProvider                                : loaded 2 times (x 76B)
Class com.google.common.collect.Sets$2                                                : loaded 2 times (x 139B)
Class [Lorg.gradle.api.internal.ClassPathProvider;                                    : loaded 2 times (x 69B)
Class org.gradle.api.internal.ClassPathProvider                                       : loaded 2 times (x 70B)
Class [Lorg.objectweb.asm.AnnotationVisitor;                                          : loaded 2 times (x 69B)
Class com.google.common.collect.Sets$3                                                : loaded 2 times (x 139B)
Class com.google.common.cache.LocalCache$LocalLoadingCache                            : loaded 2 times (x 134B)
Class org.gradle.internal.service.UnknownServiceException                             : loaded 2 times (x 83B)
Class com.google.common.collect.Sets$4                                                : loaded 2 times (x 139B)
Class org.objectweb.asm.ModuleVisitor                                                 : loaded 2 times (x 81B)
Class com.google.common.cache.LocalCache$Strength$1                                   : loaded 2 times (x 81B)
Class com.google.common.util.concurrent.SettableFuture                                : loaded 2 times (x 114B)
Class com.google.common.cache.LocalCache$Strength$2                                   : loaded 2 times (x 81B)
Class com.google.common.cache.LocalCache$Strength$3                                   : loaded 2 times (x 81B)
Class com.google.common.collect.MapDifference                                         : loaded 2 times (x 70B)
Class org.objectweb.asm.FieldWriter                                                   : loaded 2 times (x 78B)
Class com.google.common.cache.CacheBuilder$NullListener                               : loaded 2 times (x 82B)
Class org.gradle.internal.classpath.TransformedClassPath                              : loaded 2 times (x 96B)
Class org.gradle.internal.classloader.InstrumentingClassLoader                        : loaded 2 times (x 70B)
Class com.google.common.cache.CacheLoader$FunctionToCacheLoader                       : loaded 2 times (x 75B)
Class com.google.common.collect.Iterators$ArrayItr                                    : loaded 2 times (x 97B)
Class com.google.common.collect.ImmutableCollection$Builder                           : loaded 2 times (x 76B)
Class ijKotlinCoroutineJvmDebugInit1_4wmeci4zepf39r1twk8ogib22                        : loaded 2 times (x 171B)
Class com.google.common.base.Joiner                                                   : loaded 2 times (x 79B)
Class com.google.common.base.MoreObjects                                              : loaded 2 times (x 71B)
Class com.google.common.collect.Platform                                              : loaded 2 times (x 71B)
Class com.google.common.base.Equivalence$Identity                                     : loaded 2 times (x 82B)
Class com.google.common.collect.UnmodifiableIterator                                  : loaded 2 times (x 80B)
Class org.gradle.internal.service.ServiceLocator                                      : loaded 2 times (x 70B)
Class com.google.common.base.Ascii                                                    : loaded 2 times (x 71B)
Class com.google.common.cache.LocalCache$1                                            : loaded 2 times (x 89B)
Class com.google.common.collect.SingletonImmutableBiMap                               : loaded 2 times (x 143B)
Class com.google.common.collect.Iterators$SingletonIterator                           : loaded 2 times (x 81B)
Class com.google.common.collect.AbstractMapEntry                                      : loaded 2 times (x 81B)
Class com.google.common.collect.Sets$ImprovedAbstractSet                              : loaded 2 times (x 135B)
Class com.google.common.collect.ImmutableList$Builder                                 : loaded 2 times (x 77B)
Class com.google.common.collect.AbstractMultimap                                      : loaded 2 times (x 123B)
Class com.google.common.cache.LocalCache$2                                            : loaded 2 times (x 142B)
Class com.google.common.collect.RegularImmutableAsList                                : loaded 2 times (x 217B)
Class com.google.common.util.concurrent.AbstractFuture$Trusted                        : loaded 2 times (x 70B)
Class com.google.common.collect.Iterators                                             : loaded 2 times (x 71B)
Class com.google.common.collect.Lists$StringAsImmutableList                           : loaded 2 times (x 207B)
Class com.google.common.util.concurrent.UncheckedExecutionException                   : loaded 2 times (x 82B)
Class org.gradle.kotlin.dsl.VersionCatalogAccessorsKt                                 : loaded 2 times (x 71B)
Class com.google.common.collect.AbstractMapBasedMultimap$KeySet$1                     : loaded 2 times (x 82B)
Class org.objectweb.asm.ClassWriter                                                   : loaded 2 times (x 106B)
Class com.google.common.base.CharMatcher$And                                          : loaded 2 times (x 112B)
Class com.google.common.cache.CacheLoader$UnsupportedLoadingOperationException        : loaded 2 times (x 82B)
Class com.google.common.base.Objects                                                  : loaded 2 times (x 71B)
Class org.objectweb.asm.FieldVisitor                                                  : loaded 2 times (x 77B)
Class com.google.common.collect.IndexedImmutableSet                                   : loaded 2 times (x 152B)
Class com.google.common.collect.ImmutableMap$1                                        : loaded 2 times (x 81B)
Class com.google.common.collect.BiMap                                                 : loaded 2 times (x 70B)
Class org.gradle.api.internal.classpath.DefaultModuleRegistry$DefaultModule           : loaded 2 times (x 82B)
Class com.google.common.primitives.Ints                                               : loaded 2 times (x 71B)
Class com.google.common.collect.AbstractIterator                                      : loaded 2 times (x 82B)
Class com.google.common.collect.ObjectArrays                                          : loaded 2 times (x 71B)
Class com.google.common.math.MathPreconditions                                        : loaded 2 times (x 71B)
Class com.google.common.collect.Multiset                                              : loaded 2 times (x 70B)
Class com.google.common.collect.ArrayListMultimapGwtSerializationDependencies         : loaded 2 times (x 172B)
Class com.google.common.collect.AbstractIndexedListIterator                           : loaded 2 times (x 96B)
Class com.google.common.collect.ImmutableMapEntrySet                                  : loaded 2 times (x 152B)
Class org.gradle.api.internal.classpath.Module                                        : loaded 2 times (x 70B)
Class com.google.common.cache.Weigher                                                 : loaded 2 times (x 70B)
Class org.gradle.api.internal.classpath.UnknownModuleException                        : loaded 2 times (x 82B)
Class com.google.common.base.Stopwatch                                                : loaded 2 times (x 72B)
Class com.google.common.cache.LocalCache$Strength                                     : loaded 2 times (x 81B)
Class com.google.common.cache.Cache                                                   : loaded 2 times (x 70B)
Class com.google.common.util.concurrent.AbstractFuture$Cancellation                   : loaded 2 times (x 72B)
Class com.google.common.collect.ImmutableMap$Builder                                  : loaded 2 times (x 82B)
Class com.google.common.cache.RemovalListener                                         : loaded 2 times (x 70B)
Class ijKotlinCoroutineJvmDebugInit1_4wmeci4zepf39r1twk8ogib22$_run_closure1          : loaded 2 times (x 139B)
Class org.gradle.api.internal.DefaultClassPathRegistry                                : loaded 2 times (x 76B)
Class com.google.common.primitives.IntsMethodsForWeb                                  : loaded 2 times (x 71B)
Class com.google.common.collect.Multimap                                              : loaded 2 times (x 70B)
Class org.gradle.internal.classpath.DefaultClassPath$ImmutableUniqueList              : loaded 2 times (x 199B)
Class org.gradle.api.internal.ClassPathRegistry                                       : loaded 2 times (x 70B)
Class com.google.common.base.ExtraObjectsMethodsForWeb                                : loaded 2 times (x 71B)
Class [Lorg.objectweb.asm.Type;                                                       : loaded 2 times (x 69B)
Class com.google.common.cache.CacheBuilder                                            : loaded 2 times (x 72B)
Class com.google.common.collect.SingletonImmutableList                                : loaded 2 times (x 207B)
Class Settings_gradle$1                                                               : loaded 2 times (x 74B)
Class org.gradle.internal.classpath.ClassPath                                         : loaded 2 times (x 70B)
Class com.google.common.base.JdkPattern                                               : loaded 2 times (x 75B)
Class com.google.common.collect.ImmutableList$ReverseImmutableList                    : loaded 2 times (x 209B)
Class org.objectweb.asm.SymbolTable$Entry                                             : loaded 2 times (x 74B)
Class org.gradle.api.internal.classpath.DefaultModuleRegistry$DefaultModuleAlias      : loaded 2 times (x 80B)
Class org.gradle.internal.Factory                                                     : loaded 2 times (x 70B)
Class org.objectweb.asm.Edge                                                          : loaded 2 times (x 72B)
Class com.google.common.base.Suppliers$SupplierOfInstance                             : loaded 2 times (x 79B)
Class com.google.common.collect.Iterators$1                                           : loaded 2 times (x 81B)
Class ijKotlinCoroutineJvmDebugInit1_4wmeci4zepf39r1twk8ogib22$_run_closure1$_closure2: loaded 2 times (x 139B)
Class com.google.common.cache.LocalCache$ComputingValueReference                      : loaded 2 times (x 96B)
Class com.google.common.collect.SingletonImmutableSet                                 : loaded 2 times (x 146B)
Class com.google.common.collect.ImmutableMap$IteratorBasedImmutableMap                : loaded 2 times (x 126B)
Class com.google.common.cache.LocalCache$Segment                                      : loaded 2 times (x 154B)
Class com.google.common.collect.AbstractListMultimap                                  : loaded 2 times (x 172B)
Class [Lorg.objectweb.asm.SymbolTable$Entry;                                          : loaded 2 times (x 69B)
Class com.google.common.cache.CacheLoader                                             : loaded 2 times (x 74B)
Class com.google.common.collect.Iterators$4                                           : loaded 2 times (x 82B)
Class com.google.common.collect.ImmutableBiMap                                        : loaded 2 times (x 143B)
Class org.gradle.api.internal.classpath.ModuleRegistry                                : loaded 2 times (x 70B)
Class org.gradle.internal.installation.GradleInstallation$1                           : loaded 2 times (x 75B)
Class com.google.common.collect.ImmutableSet$JdkBackedSetBuilderImpl                  : loaded 2 times (x 76B)
Class com.google.common.util.concurrent.internal.InternalFutureFailureAccess          : loaded 2 times (x 72B)
Class com.google.common.collect.Iterators$5                                           : loaded 2 times (x 82B)
Class com.google.common.base.CharMatcher$ForPredicate                                 : loaded 2 times (x 112B)
Class com.google.common.cache.LocalCache$LocalManualCache$1                           : loaded 2 times (x 75B)
Class com.google.common.base.CharMatcher$AnyOf                                        : loaded 2 times (x 112B)
Class com.google.common.collect.ImmutableCollection                                   : loaded 2 times (x 125B)
Class org.gradle.api.internal.classpath.DefaultModuleRegistry                         : loaded 2 times (x 84B)
Class com.google.common.collect.Lists                                                 : loaded 2 times (x 71B)
Class com.google.common.util.concurrent.ListenableFuture                              : loaded 2 times (x 70B)
Class com.google.common.cache.ReferenceEntry                                          : loaded 2 times (x 70B)
Class com.google.common.base.Converter                                                : loaded 2 times (x 90B)
Class com.google.common.collect.ImmutableSet$CachingAsList                            : loaded 2 times (x 148B)
Class com.google.common.collect.AbstractMapBasedMultimap                              : loaded 2 times (x 139B)
Class com.google.common.util.concurrent.AbstractFuture                                : loaded 2 times (x 106B)
Class com.google.common.base.FunctionalEquivalence                                    : loaded 2 times (x 83B)
Class com.google.common.collect.Iterators$9                                           : loaded 2 times (x 81B)
Class com.google.common.collect.ImmutableAsList                                       : loaded 2 times (x 209B)
Class org.objectweb.asm.RecordComponentVisitor                                        : loaded 2 times (x 77B)
Class com.google.common.cache.CacheLoader$SupplierToCacheLoader                       : loaded 2 times (x 75B)
Class com.google.common.collect.Maps$EntryTransformer                                 : loaded 2 times (x 70B)
Class org.gradle.internal.service.ServiceLookupException                              : loaded 2 times (x 82B)
Class [Lcom.google.common.cache.LocalCache$EntryFactory;                              : loaded 2 times (x 69B)
Class org.gradle.internal.classloader.ClassLoaderFactory                              : loaded 2 times (x 70B)
Class com.google.common.base.CommonPattern                                            : loaded 2 times (x 74B)
Class com.google.common.base.CharMatcher$IsNot                                        : loaded 2 times (x 111B)
Class com.google.common.cache.LocalCache$LocalManualCache                             : loaded 2 times (x 99B)
Class org.gradle.internal.service.CachingServiceLocator                               : loaded 2 times (x 82B)
Class com.google.common.collect.AbstractMapBasedMultimap$KeySet                       : loaded 2 times (x 137B)
Class com.google.common.math.IntMath                                                  : loaded 2 times (x 71B)
Class com.google.common.collect.ImmutableMapEntry                                     : loaded 2 times (x 85B)
Class com.google.common.base.Equivalence                                              : loaded 2 times (x 82B)
Class com.google.common.base.Function                                                 : loaded 2 times (x 70B)
Class com.google.common.collect.ImmutableMapEntry$NonTerminalImmutableMapEntry        : loaded 2 times (x 85B)
Class com.google.common.cache.CacheBuilder$OneWeigher                                 : loaded 2 times (x 82B)
Class com.google.common.collect.RegularImmutableList                                  : loaded 2 times (x 213B)
Class org.gradle.internal.classloader.ClasspathUtil                                   : loaded 2 times (x 71B)
Class com.google.common.util.concurrent.Uninterruptibles                              : loaded 2 times (x 71B)
Class com.google.common.util.concurrent.LazyLogger                                    : loaded 2 times (x 72B)
Class com.google.common.collect.Maps                                                  : loaded 2 times (x 71B)
Class org.gradle.api.specs.Spec                                                       : loaded 2 times (x 70B)
Class [Lcom.google.common.collect.ImmutableEntry;                                     : loaded 2 times (x 69B)
Class com.google.common.cache.LocalCache$LoadingValueReference                        : loaded 2 times (x 96B)
Class ijJvmDebugger1_cao8232z4ije7eb1wldzzfxxs                                        : loaded 2 times (x 171B)
Class com.google.common.base.Platform                                                 : loaded 2 times (x 71B)
Class [Lorg.objectweb.asm.AnnotationWriter;                                           : loaded 2 times (x 69B)
Class com.google.common.collect.Maps$8                                                : loaded 2 times (x 82B)
Class com.google.common.collect.Sets$SetView                                          : loaded 2 times (x 138B)
Class com.google.common.cache.LocalCache$StrongValueReference                         : loaded 2 times (x 90B)
Class org.objectweb.asm.Type                                                          : loaded 2 times (x 72B)
Class org.gradle.internal.classloader.VisitableURLClassLoader$InstrumentingVisitableURLClassLoader: loaded 2 times (x 123B)
Class com.google.common.math.IntMath$1                                                : loaded 2 times (x 71B)
Class org.objectweb.asm.ByteVector                                                    : loaded 2 times (x 79B)
Class [Lcom.google.common.cache.CacheBuilder$NullListener;                            : loaded 2 times (x 69B)
Class org.gradle.internal.classloader.VisitableURLClassLoader$Spec                    : loaded 2 times (x 74B)
Class org.gradle.internal.classpath.DefaultClassPath                                  : loaded 2 times (x 90B)
Class org.objectweb.asm.Symbol                                                        : loaded 2 times (x 73B)
Class com.google.common.base.CharMatcher$BitSetMatcher                                : loaded 2 times (x 112B)
Class com.google.common.collect.ImmutableSet                                          : loaded 2 times (x 145B)
Class com.google.common.collect.RegularImmutableMap$Values                            : loaded 2 times (x 207B)
Class org.gradle.internal.classloader.ClassLoaderSpec                                 : loaded 2 times (x 71B)
Class org.objectweb.asm.AnnotationWriter                                              : loaded 2 times (x 79B)
Class com.google.common.cache.CacheStats                                              : loaded 2 times (x 71B)
Class org.objectweb.asm.RecordComponentWriter                                         : loaded 2 times (x 78B)
Class com.google.common.util.concurrent.AbstractFuture$Listener                       : loaded 2 times (x 72B)
Class com.google.common.base.CharMatcher$Or                                           : loaded 2 times (x 112B)
Class Settings_gradle$1$1                                                             : loaded 2 times (x 74B)
Class org.gradle.api.internal.classpath.Module$ModuleAlias                            : loaded 2 times (x 70B)
Class org.objectweb.asm.Attribute                                                     : loaded 2 times (x 77B)
Class com.google.common.base.Supplier                                                 : loaded 2 times (x 70B)
Class org.gradle.internal.classloader.VisitableURLClassLoader                         : loaded 2 times (x 117B)
Class Settings_gradle                                                                 : loaded 2 times (x 124B)
Class org.gradle.internal.Cast                                                        : loaded 2 times (x 71B)
Class org.gradle.api.Action                                                           : loaded 2 times (x 70B)
Class com.google.common.base.Strings                                                  : loaded 2 times (x 71B)
Class com.google.common.collect.Sets                                                  : loaded 2 times (x 71B)
Class org.objectweb.asm.Handler                                                       : loaded 2 times (x 72B)
Class com.google.common.base.CharMatcher$FastMatcher                                  : loaded 2 times (x 111B)
Class com.google.common.base.Ticker                                                   : loaded 2 times (x 72B)
Class [Lcom.google.common.cache.LocalCache$Segment;                                   : loaded 2 times (x 69B)
Class com.google.common.base.Predicate                                                : loaded 2 times (x 70B)
Class [Lcom.google.common.cache.LocalCache$Strength;                                  : loaded 2 times (x 69B)
Class com.google.common.cache.CacheBuilder$1                                          : loaded 2 times (x 85B)
Class com.google.common.collect.ImmutableMap                                          : loaded 2 times (x 120B)
Class org.gradle.internal.classpath.DefaultClassPath$ImmutableUniqueList$Builder      : loaded 2 times (x 75B)
Class com.google.common.base.CharMatcher$NegatedFastMatcher                           : loaded 2 times (x 113B)
Class com.google.common.cache.LocalCache                                              : loaded 2 times (x 187B)
Class com.google.common.cache.CacheBuilder$2                                          : loaded 2 times (x 79B)
Class com.google.common.collect.ArrayListMultimap                                     : loaded 2 times (x 172B)
Class com.google.common.cache.CacheBuilder$3                                          : loaded 2 times (x 72B)
Class [Lcom.google.common.collect.AbstractMapEntry;                                   : loaded 2 times (x 69B)
Class com.google.common.collect.ImmutableEntry                                        : loaded 2 times (x 82B)
Class org.gradle.api.GradleException                                                  : loaded 2 times (x 82B)
Class com.google.common.collect.CollectPreconditions                                  : loaded 2 times (x 71B)
Class com.google.common.collect.SortedMapDifference                                   : loaded 2 times (x 70B)
Class com.google.common.cache.LocalCache$EntryFactory                                 : loaded 2 times (x 83B)
Class com.google.common.cache.LocalCache$AbstractReferenceEntry                       : loaded 2 times (x 107B)
Class org.gradle.internal.IoActions                                                   : loaded 2 times (x 71B)
Class org.objectweb.asm.SymbolTable                                                   : loaded 2 times (x 72B)
Class com.google.common.cache.CacheLoader$InvalidCacheLoadException                   : loaded 2 times (x 82B)
Class com.google.common.collect.ImmutableSet$RegularSetBuilderImpl                    : loaded 2 times (x 77B)
Class com.google.common.cache.LocalCache$StrongEntry                                  : loaded 2 times (x 108B)
Class com.google.common.util.concurrent.AbstractFuture$TrustedFuture                  : loaded 2 times (x 114B)
Class com.google.common.cache.LoadingCache                                            : loaded 2 times (x 70B)
Class org.objectweb.asm.MethodWriter                                                  : loaded 2 times (x 106B)
Class [Lcom.google.common.cache.Weigher;                                              : loaded 2 times (x 69B)
Class com.google.common.collect.RegularImmutableMap$BucketOverflowException           : loaded 2 times (x 82B)
Class com.google.common.base.CharMatcher$Negated                                      : loaded 2 times (x 113B)
Class com.google.common.base.CharMatcher$Is                                           : loaded 2 times (x 111B)
Class com.google.common.cache.LocalCache$ValueReference                               : loaded 2 times (x 70B)
Class com.google.common.collect.RegularImmutableBiMap                                 : loaded 2 times (x 149B)
Class com.google.common.base.PatternCompiler                                          : loaded 2 times (x 70B)
Class com.google.common.util.concurrent.AbstractFuture$Failure                        : loaded 2 times (x 72B)
Class com.google.common.base.Equivalence$Equals                                       : loaded 2 times (x 82B)
Class com.google.common.collect.Hashing                                               : loaded 2 times (x 71B)
Class com.google.common.base.Preconditions                                            : loaded 2 times (x 71B)
Class com.google.common.base.Joiner$1                                                 : loaded 2 times (x 80B)
Class org.objectweb.asm.Label                                                         : loaded 2 times (x 73B)
Class org.objectweb.asm.CurrentFrame                                                  : loaded 2 times (x 73B)
Class org.objectweb.asm.ClassTooLargeException                                        : loaded 2 times (x 83B)
Class com.google.common.base.CharMatcher                                              : loaded 2 times (x 111B)
Class com.google.common.collect.PeekingIterator                                       : loaded 2 times (x 70B)
Class com.google.common.collect.Maps$IteratorBasedAbstractMap                         : loaded 2 times (x 125B)
Class com.google.common.base.Joiner$2                                                 : loaded 2 times (x 79B)
Class org.objectweb.asm.Frame                                                         : loaded 2 times (x 73B)
Class org.objectweb.asm.MethodVisitor                                                 : loaded 2 times (x 105B)
Class com.google.common.base.CharMatcher$1                                            : loaded 2 times (x 113B)
Class com.google.common.base.CharMatcher$NamedFastMatcher                             : loaded 2 times (x 112B)
Class com.google.common.cache.LocalCache$EntryFactory$1                               : loaded 2 times (x 83B)
Class [Lcom.google.common.cache.RemovalListener;                                      : loaded 2 times (x 69B)
Class com.google.common.cache.LocalCache$EntryFactory$2                               : loaded 2 times (x 83B)
Class org.objectweb.asm.ModuleWriter                                                  : loaded 2 times (x 82B)
Class com.google.common.cache.LocalCache$EntryFactory$3                               : loaded 2 times (x 83B)
Class com.google.common.base.Ticker$1                                                 : loaded 2 times (x 72B)
Class com.google.common.collect.Maps$BiMapConverter                                   : loaded 2 times (x 90B)
Class com.google.common.collect.ImmutableMapEntrySet$RegularEntrySet                  : loaded 2 times (x 152B)
Class com.google.common.collect.ImmutableSet$Builder                                  : loaded 2 times (x 85B)
Class com.google.common.base.CharMatcher$InRange                                      : loaded 2 times (x 111B)
Class com.google.common.cache.LocalCache$EntryFactory$4                               : loaded 2 times (x 83B)
Class com.google.common.cache.LocalCache$EntryFactory$5                               : loaded 2 times (x 83B)
Class com.google.common.base.PairwiseEquivalence                                      : loaded 2 times (x 83B)
Class com.google.common.cache.LocalCache$EntryFactory$6                               : loaded 2 times (x 83B)
Class org.gradle.internal.installation.CurrentGradleInstallationLocator               : loaded 2 times (x 71B)
Class com.google.common.collect.Maps$KeySet                                           : loaded 2 times (x 137B)
Class com.google.common.collect.ImmutableSet$EmptySetBuilderImpl                      : loaded 2 times (x 76B)
Class com.google.common.cache.LocalCache$EntryFactory$7                               : loaded 2 times (x 83B)
Class com.google.common.collect.ImmutableList                                         : loaded 2 times (x 206B)
Class org.gradle.internal.service.DefaultServiceLocator                               : loaded 2 times (x 83B)
Class com.google.common.cache.LocalCache$EntryFactory$8                               : loaded 2 times (x 83B)
Class com.google.common.collect.ImmutableSet$SetBuilderImpl                           : loaded 2 times (x 76B)
Class org.gradle.internal.installation.CurrentGradleInstallation                      : loaded 2 times (x 73B)
Class com.google.common.cache.CacheLoader$1                                           : loaded 2 times (x 75B)
Class com.google.common.collect.ForwardingObject                                      : loaded 2 times (x 72B)
Class com.google.common.collect.ImmutableList$SubList                                 : loaded 2 times (x 209B)
Class org.gradle.util.internal.GUtil                                                  : loaded 2 times (x 71B)
Class com.google.common.cache.AbstractCache$StatsCounter                              : loaded 2 times (x 70B)
Class com.google.common.collect.Iterators$MergingIterator                             : loaded 2 times (x 81B)
Class com.google.common.collect.RegularImmutableSet                                   : loaded 2 times (x 149B)
Class org.gradle.internal.installation.GradleInstallation                             : loaded 2 times (x 75B)
Class com.google.common.collect.Iterables                                             : loaded 2 times (x 71B)
Class ijJvmDebugger1_cao8232z4ije7eb1wldzzfxxs$_run_closure1$_closure2                : loaded 2 times (x 140B)

---------------  S Y S T E M  ---------------

OS:
 Windows 11 , 64 bit Build 26100 (10.0.26100.8521)
OS uptime: 1 days 13:42 hours

CPU: total 12 (initial active 12) (6 cores per cpu, 2 threads per core) family 6 model 154 stepping 4 microcode 0x43b, cx8, cmov, fxsr, ht, mmx, 3dnowpref, sse, sse2, sse3, ssse3, sse4.1, sse4.2, popcnt, lzcnt, tsc, tscinvbit, avx, avx2, aes, erms, clmul, bmi1, bmi2, adx, sha, fma, vzeroupper, clflush, clflushopt, clwb, serialize, rdtscp, rdpid, fsrm, f16c, pku, cet_ibt, cet_ss
Processor Information for processor 0
  Max Mhz: 2500, Current Mhz: 1370, Mhz Limit: 1350
Processor Information for processor 1
  Max Mhz: 2500, Current Mhz: 1370, Mhz Limit: 1350
Processor Information for processor 2
  Max Mhz: 2500, Current Mhz: 1370, Mhz Limit: 1350
Processor Information for processor 3
  Max Mhz: 2500, Current Mhz: 1370, Mhz Limit: 1350
Processor Information for processor 4
  Max Mhz: 2500, Current Mhz: 2500, Mhz Limit: 2500
Processor Information for processor 5
  Max Mhz: 2500, Current Mhz: 2500, Mhz Limit: 2500
Processor Information for processor 6
  Max Mhz: 2500, Current Mhz: 2500, Mhz Limit: 2500
Processor Information for processor 7
  Max Mhz: 2500, Current Mhz: 2500, Mhz Limit: 2500
Processor Information for processor 8
  Max Mhz: 2500, Current Mhz: 2500, Mhz Limit: 2500
Processor Information for processor 9
  Max Mhz: 2500, Current Mhz: 2500, Mhz Limit: 2500
Processor Information for processor 10
  Max Mhz: 2500, Current Mhz: 2500, Mhz Limit: 2500
Processor Information for processor 11
  Max Mhz: 2500, Current Mhz: 2500, Mhz Limit: 2500

Memory: 4k page, system-wide physical 8016M (482M free)
TotalPageFile size 20516M (AvailPageFile size 12M)
current process WorkingSet (physical memory assigned to process): 543M, peak: 544M
current process commit charge ("private bytes"): 633M, peak: 902M

vm_info: OpenJDK 64-Bit Server VM (21.0.10+-14961533-b1163.108) for windows-amd64 JRE (21.0.10+-14961533-b1163.108), built on 2026-03-02T19:58:50Z by "builder" with MS VC++ 16.10 / 16.11 (VS2019)

END.
