#
# There is insufficient memory for the Java Runtime Environment to continue.
# Native memory allocation (mmap) failed to map 153092096 bytes. Error detail: G1 virtual space
# Possible reasons:
#   The system is out of physical RAM or swap space
#   This process is running with CompressedOops enabled, and the Java Heap may be blocking the growth of the native heap
# Possible solutions:
#   Reduce memory load on the system
#   Increase physical memory or swap space
#   Check if swap backing store is full
#   Decrease Java heap size (-Xmx/-Xms)
#   Decrease number of Java threads
#   Decrease Java thread stack sizes (-Xss)
#   Set larger code cache with -XX:ReservedCodeCacheSize=
#   JVM is running with Zero Based Compressed Oops mode in which the Java heap is
#     placed in the first 32GB address space. The Java Heap base address is the
#     maximum limit for the native heap growth. Please use -XX:HeapBaseMinAddress
#     to set the Java Heap base and to place the Java Heap above 32GB virtual address.
# This output file may be truncated or incomplete.
#
#  Out of Memory Error (os_windows.cpp:3926), pid=4004, tid=19896
#
# JRE version: OpenJDK Runtime Environment (21.0.10) (build 21.0.10+-14961533-b1163.108)
# Java VM: OpenJDK 64-Bit Server VM (21.0.10+-14961533-b1163.108, mixed mode, tiered, compressed oops, compressed class ptrs, g1 gc, windows-amd64)
# No core dump will be written. Minidumps are not enabled by default on client versions of Windows
#

---------------  S U M M A R Y ------------

Command Line: --add-opens=java.base/java.lang=ALL-UNNAMED --add-opens=java.base/java.lang.invoke=ALL-UNNAMED --add-opens=java.base/java.util=ALL-UNNAMED --add-opens=java.prefs/java.util.prefs=ALL-UNNAMED --add-exports=jdk.compiler/com.sun.tools.javac.api=ALL-UNNAMED --add-exports=jdk.compiler/com.sun.tools.javac.util=ALL-UNNAMED --add-opens=java.base/java.util=ALL-UNNAMED --add-opens=java.prefs/java.util.prefs=ALL-UNNAMED --add-opens=java.base/java.nio.charset=ALL-UNNAMED --add-opens=java.base/java.net=ALL-UNNAMED --add-opens=java.base/java.util.concurrent=ALL-UNNAMED --add-opens=java.base/java.util.concurrent.atomic=ALL-UNNAMED --add-opens=java.xml/javax.xml.namespace=ALL-UNNAMED --add-opens=java.base/java.time=ALL-UNNAMED -Xmx3072m -Dfile.encoding=UTF-8 -Duser.country=US -Duser.language=en -Duser.variant -javaagent:C:\Users\delos\.gradle\wrapper\dists\gradle-9.4.1-bin\arn2x92ynaizyzdaamcbpbhtj\gradle-9.4.1\lib\agents\gradle-instrumentation-agent-9.4.1.jar org.gradle.launcher.daemon.bootstrap.GradleDaemon 9.4.1

Host: 12th Gen Intel(R) Core(TM) i5-1235U, 12 cores, 7G,  Windows 11 , 64 bit Build 26100 (10.0.26100.8521)
Time: Wed Jul  1 13:56:21 2026 SA Western Standard Time elapsed time: 30.144983 seconds (0d 0h 0m 30s)

---------------  T H R E A D  ---------------

Current thread (0x0000013c6d9768b0):  VMThread "VM Thread"          [id=19896, stack(0x000000169a100000,0x000000169a200000) (1024K)]

Stack: [0x000000169a100000,0x000000169a200000]
Native frames: (J=compiled Java code, j=interpreted, Vv=VM code, C=native code)
V  [jvm.dll+0x6d78a9]
V  [jvm.dll+0x8665b3]
V  [jvm.dll+0x868bde]
V  [jvm.dll+0x8692c3]
V  [jvm.dll+0x280ee6]
V  [jvm.dll+0x6d4165]
V  [jvm.dll+0x6c77fa]
V  [jvm.dll+0x358f4b]
V  [jvm.dll+0x360bc6]
V  [jvm.dll+0x3b2ea6]
V  [jvm.dll+0x3b3178]
V  [jvm.dll+0x32b65c]
V  [jvm.dll+0x32b6e7]
V  [jvm.dll+0x3715cc]
V  [jvm.dll+0x36fd7e]
V  [jvm.dll+0x32adb1]
V  [jvm.dll+0x36f480]
V  [jvm.dll+0x86f048]
V  [jvm.dll+0x870394]
V  [jvm.dll+0x8708d0]
V  [jvm.dll+0x870b63]
V  [jvm.dll+0x80fd28]
V  [jvm.dll+0x6d60fd]
C  [ucrtbase.dll+0x2cd30]
C  [KERNEL32.DLL+0x2e957]
C  [ntdll.dll+0x87c1c]

VM_Operation (0x000000169f3fa100): G1CollectForAllocation, mode: safepoint, requested by thread 0x0000013c788f46d0


---------------  P R O C E S S  ---------------

Threads class SMR info:
_java_thread_list=0x0000013c78aac780, length=90, elements={
0x0000013c54b5a4d0, 0x0000013c6dc4bb80, 0x0000013c6dc71c10, 0x0000013c6dc5dc00,
0x0000013c6dc5f130, 0x0000013c6dc99ef0, 0x0000013c6dc9d580, 0x0000013c6dc9dfe0,
0x0000013c6dc7cdc0, 0x0000013c6dcb0580, 0x0000013c72080f10, 0x0000013c73237890,
0x0000013c72e29b50, 0x0000013c74d8f360, 0x0000013c74ef9fb0, 0x0000013c7530a5f0,
0x0000013c74817bc0, 0x0000013c74817530, 0x0000013c74819c90, 0x0000013c76e6bab0,
0x0000013c76e6c140, 0x0000013c76e6b420, 0x0000013c770613b0, 0x0000013c7705f970,
0x0000013c77060690, 0x0000013c770620d0, 0x0000013c7705ec50, 0x0000013c7768b320,
0x0000013c7768a600, 0x0000013c7768e110, 0x0000013c7768c040, 0x0000013c7768fb50,
0x0000013c7766f200, 0x0000013c79415e60, 0x0000013c79413700, 0x0000013c79414420,
0x0000013c79414ab0, 0x0000013c77062760, 0x0000013c7705f2e0, 0x0000013c77065550,
0x0000013c770641a0, 0x0000013c77064ec0, 0x0000013c77064830, 0x0000013c77063b10,
0x0000013c77065be0, 0x0000013c77062df0, 0x0000013c7768ac90, 0x0000013c7768c6d0,
0x0000013c7768da80, 0x0000013c7768b9b0, 0x0000013c77691c20, 0x0000013c7768f4c0,
0x0000013c76e6d4f0, 0x0000013c76e6a070, 0x0000013c76e6a700, 0x0000013c76e6ad90,
0x0000013c776705b0, 0x0000013c77674750, 0x0000013c788f1250, 0x0000013c788efea0,
0x0000013c788f2600, 0x0000013c788f3320, 0x0000013c788f39b0, 0x0000013c788f0530,
0x0000013c788f4040, 0x0000013c788f0bc0, 0x0000013c788f67a0, 0x0000013c788f6e30,
0x0000013c788f53f0, 0x0000013c788f74c0, 0x0000013c788f46d0, 0x0000013c788f4d60,
0x0000013c77674de0, 0x0000013c776e83d0, 0x0000013c776e7d40, 0x0000013c798dc870,
0x0000013c776e7020, 0x0000013c776e4f50, 0x0000013c79fe19f0, 0x0000013c79fe5500,
0x0000013c79fe2080, 0x0000013c79fe5b90, 0x0000013c79fe6220, 0x0000013c79fe68b0,
0x0000013c79fe6f40, 0x0000013c79fe7c60, 0x0000013c79fe75d0, 0x0000013c79fe82f0,
0x0000013c778bcfc0, 0x0000013c778bbc10
}

Java Threads: ( => current thread )
  0x0000013c54b5a4d0 JavaThread "main"                              [_thread_blocked, id=11324, stack(0x0000001699a00000,0x0000001699b00000) (1024K)]
  0x0000013c6dc4bb80 JavaThread "Common-Cleaner"             daemon [_thread_blocked, id=17288, stack(0x000000169a200000,0x000000169a300000) (1024K)]
  0x0000013c6dc71c10 JavaThread "Reference Handler"          daemon [_thread_blocked, id=18980, stack(0x000000169a300000,0x000000169a400000) (1024K)]
  0x0000013c6dc5dc00 JavaThread "Finalizer"                  daemon [_thread_blocked, id=18112, stack(0x000000169a400000,0x000000169a500000) (1024K)]
  0x0000013c6dc5f130 JavaThread "Signal Dispatcher"          daemon [_thread_blocked, id=3948, stack(0x000000169a500000,0x000000169a600000) (1024K)]
  0x0000013c6dc99ef0 JavaThread "Attach Listener"            daemon [_thread_blocked, id=5480, stack(0x000000169a600000,0x000000169a700000) (1024K)]
  0x0000013c6dc9d580 JavaThread "Service Thread"             daemon [_thread_blocked, id=18600, stack(0x000000169a700000,0x000000169a800000) (1024K)]
  0x0000013c6dc9dfe0 JavaThread "Monitor Deflation Thread"   daemon [_thread_blocked, id=2544, stack(0x000000169a800000,0x000000169a900000) (1024K)]
  0x0000013c6dc7cdc0 JavaThread "C2 CompilerThread0"         daemon [_thread_blocked, id=17640, stack(0x000000169a900000,0x000000169aa00000) (1024K)]
  0x0000013c6dcb0580 JavaThread "C1 CompilerThread0"         daemon [_thread_blocked, id=5760, stack(0x000000169aa00000,0x000000169ab00000) (1024K)]
  0x0000013c72080f10 JavaThread "Notification Thread"        daemon [_thread_blocked, id=17592, stack(0x000000169ab00000,0x000000169ac00000) (1024K)]
  0x0000013c73237890 JavaThread "Daemon health stats"               [_thread_blocked, id=14580, stack(0x000000169b100000,0x000000169b200000) (1024K)]
  0x0000013c72e29b50 JavaThread "Incoming local TCP Connector on port 54924"        [_thread_in_native, id=11300, stack(0x000000169b200000,0x000000169b300000) (1024K)]
  0x0000013c74d8f360 JavaThread "Daemon periodic checks"            [_thread_blocked, id=20132, stack(0x000000169b300000,0x000000169b400000) (1024K)]
  0x0000013c74ef9fb0 JavaThread "Daemon"                            [_thread_blocked, id=12132, stack(0x000000169b400000,0x000000169b500000) (1024K)]
  0x0000013c7530a5f0 JavaThread "Daemon worker"                     [_thread_blocked, id=2036, stack(0x000000169b700000,0x000000169b800000) (1024K)]
  0x0000013c74817bc0 JavaThread "Cache worker for journal cache (C:\Users\delos\.gradle\caches\journal-1)"        [_thread_blocked, id=9892, stack(0x000000169c200000,0x000000169c300000) (1024K)]
  0x0000013c74817530 JavaThread "File lock request listener"        [_thread_in_native, id=18548, stack(0x000000169c300000,0x000000169c400000) (1024K)]
  0x0000013c74819c90 JavaThread "Cache worker for file hash cache (C:\Users\delos\.gradle\caches\9.4.1\fileHashes)"        [_thread_blocked, id=13344, stack(0x000000169c400000,0x000000169c500000) (1024K)]
  0x0000013c76e6bab0 JavaThread "File watcher server"        daemon [_thread_blocked, id=19544, stack(0x000000169ac00000,0x000000169ad00000) (1024K)]
  0x0000013c76e6c140 JavaThread "File watcher consumer"      daemon [_thread_blocked, id=10956, stack(0x000000169c700000,0x000000169c800000) (1024K)]
  0x0000013c76e6b420 JavaThread "Cache worker for file content cache (C:\Users\delos\.gradle\caches\9.4.1\fileContent)"        [_thread_blocked, id=3204, stack(0x000000169c800000,0x000000169c900000) (1024K)]
  0x0000013c770613b0 JavaThread "jar transforms"                    [_thread_blocked, id=19548, stack(0x000000169cc00000,0x000000169cd00000) (1024K)]
  0x0000013c7705f970 JavaThread "jar transforms Thread 2"           [_thread_blocked, id=11196, stack(0x000000169ce00000,0x000000169cf00000) (1024K)]
  0x0000013c77060690 JavaThread "jar transforms Thread 3"           [_thread_blocked, id=12564, stack(0x000000169cf00000,0x000000169d000000) (1024K)]
  0x0000013c770620d0 JavaThread "jar transforms Thread 4"           [_thread_blocked, id=16300, stack(0x000000169d000000,0x000000169d100000) (1024K)]
  0x0000013c7705ec50 JavaThread "jar transforms Thread 5"           [_thread_blocked, id=3800, stack(0x000000169d100000,0x000000169d200000) (1024K)]
  0x0000013c7768b320 JavaThread "jar transforms Thread 6"           [_thread_blocked, id=2180, stack(0x000000169de00000,0x000000169df00000) (1024K)]
  0x0000013c7768a600 JavaThread "jar transforms Thread 7"           [_thread_blocked, id=18544, stack(0x000000169df00000,0x000000169e000000) (1024K)]
  0x0000013c7768e110 JavaThread "jar transforms Thread 8"           [_thread_blocked, id=20084, stack(0x000000169e000000,0x000000169e100000) (1024K)]
  0x0000013c7768c040 JavaThread "jar transforms Thread 9"           [_thread_blocked, id=2812, stack(0x000000169e100000,0x000000169e200000) (1024K)]
  0x0000013c7768fb50 JavaThread "jar transforms Thread 10"          [_thread_blocked, id=20188, stack(0x000000169e200000,0x000000169e300000) (1024K)]
  0x0000013c7766f200 JavaThread "Memory manager"                    [_thread_blocked, id=20404, stack(0x000000169e400000,0x000000169e500000) (1024K)]
  0x0000013c79415e60 JavaThread "VFS cleanup"                       [_thread_blocked, id=17528, stack(0x000000169b800000,0x000000169b900000) (1024K)]
  0x0000013c79413700 JavaThread "Handler for socket connection from /127.0.0.1:54924 to /127.0.0.1:54936"        [_thread_in_native, id=1424, stack(0x000000169b500000,0x000000169b600000) (1024K)]
  0x0000013c79414420 JavaThread "Cancel handler"                    [_thread_blocked, id=6604, stack(0x000000169b600000,0x000000169b700000) (1024K)]
  0x0000013c79414ab0 JavaThread "Asynchronous log dispatcher for DefaultDaemonConnection: socket connection from /127.0.0.1:54924 to /127.0.0.1:54936"        [_thread_blocked, id=8936, stack(0x000000169b900000,0x000000169ba00000) (1024K)]
  0x0000013c77062760 JavaThread "Stdin handler"                     [_thread_blocked, id=8884, stack(0x000000169ba00000,0x000000169bb00000) (1024K)]
  0x0000013c7705f2e0 JavaThread "Daemon client event forwarder"        [_thread_blocked, id=13716, stack(0x000000169c500000,0x000000169c600000) (1024K)]
  0x0000013c77065550 JavaThread "Cache worker for file hash cache (C:\Users\delos\AndroidStudioProjects\LoroLingo\.gradle\9.4.1\fileHashes)"        [_thread_blocked, id=2156, stack(0x000000169c600000,0x000000169c700000) (1024K)]
  0x0000013c770641a0 JavaThread "Cache worker for Build Output Cleanup Cache (C:\Users\delos\AndroidStudioProjects\LoroLingo\.gradle\buildOutputCleanup)"        [_thread_blocked, id=18624, stack(0x000000169c900000,0x000000169ca00000) (1024K)]
  0x0000013c77064ec0 JavaThread "Cache worker for checksums cache (C:\Users\delos\AndroidStudioProjects\LoroLingo\.gradle\9.4.1\checksums)"        [_thread_blocked, id=17168, stack(0x000000169cb00000,0x000000169cc00000) (1024K)]
  0x0000013c77064830 JavaThread "Cache worker for cache directory md-supplier (C:\Users\delos\.gradle\caches\9.4.1\md-supplier)"        [_thread_blocked, id=19084, stack(0x000000169cd00000,0x000000169ce00000) (1024K)]
  0x0000013c77063b10 JavaThread "Cache worker for cache directory md-rule (C:\Users\delos\.gradle\caches\9.4.1\md-rule)"        [_thread_blocked, id=12796, stack(0x000000169d200000,0x000000169d300000) (1024K)]
  0x0000013c77065be0 JavaThread "Build operations"                  [_thread_blocked, id=8820, stack(0x000000169d300000,0x000000169d400000) (1024K)]
  0x0000013c77062df0 JavaThread "Build operations Thread 2"         [_thread_blocked, id=15812, stack(0x000000169d400000,0x000000169d500000) (1024K)]
  0x0000013c7768ac90 JavaThread "Build operations Thread 3"         [_thread_blocked, id=12320, stack(0x000000169d500000,0x000000169d600000) (1024K)]
  0x0000013c7768c6d0 JavaThread "Build operations Thread 4"         [_thread_blocked, id=12732, stack(0x000000169d600000,0x000000169d700000) (1024K)]
  0x0000013c7768da80 JavaThread "Build operations Thread 5"         [_thread_blocked, id=3592, stack(0x000000169d700000,0x000000169d800000) (1024K)]
  0x0000013c7768b9b0 JavaThread "Build operations Thread 6"         [_thread_blocked, id=20244, stack(0x000000169d800000,0x000000169d900000) (1024K)]
  0x0000013c77691c20 JavaThread "Build operations Thread 7"         [_thread_blocked, id=6456, stack(0x000000169d900000,0x000000169da00000) (1024K)]
  0x0000013c7768f4c0 JavaThread "Build operations Thread 8"         [_thread_blocked, id=18760, stack(0x000000169da00000,0x000000169db00000) (1024K)]
  0x0000013c76e6d4f0 JavaThread "Build operations Thread 9"         [_thread_blocked, id=11236, stack(0x000000169db00000,0x000000169dc00000) (1024K)]
  0x0000013c76e6a070 JavaThread "Build operations Thread 10"        [_thread_blocked, id=5220, stack(0x000000169dc00000,0x000000169dd00000) (1024K)]
  0x0000013c76e6a700 JavaThread "Build operations Thread 11"        [_thread_blocked, id=684, stack(0x000000169dd00000,0x000000169de00000) (1024K)]
  0x0000013c76e6ad90 JavaThread "Build operations Thread 12"        [_thread_blocked, id=19188, stack(0x000000169e300000,0x000000169e400000) (1024K)]
  0x0000013c776705b0 JavaThread "build event listener"              [_thread_blocked, id=18204, stack(0x000000169e500000,0x000000169e600000) (1024K)]
  0x0000013c77674750 JavaThread "build event listener"              [_thread_blocked, id=1348, stack(0x000000169e600000,0x000000169e700000) (1024K)]
  0x0000013c788f1250 JavaThread "pool-5-thread-1"                   [_thread_blocked, id=9312, stack(0x000000169e700000,0x000000169e800000) (1024K)]
  0x0000013c788efea0 JavaThread "build event listener"              [_thread_blocked, id=17844, stack(0x000000169e800000,0x000000169e900000) (1024K)]
  0x0000013c788f2600 JavaThread "included builds"                   [_thread_blocked, id=17704, stack(0x000000169e900000,0x000000169ea00000) (1024K)]
  0x0000013c788f3320 JavaThread "Execution worker"                  [_thread_blocked, id=12072, stack(0x000000169ea00000,0x000000169eb00000) (1024K)]
  0x0000013c788f39b0 JavaThread "Execution worker Thread 2"         [_thread_blocked, id=7256, stack(0x000000169eb00000,0x000000169ec00000) (1024K)]
  0x0000013c788f0530 JavaThread "Execution worker Thread 3"         [_thread_blocked, id=6104, stack(0x000000169ec00000,0x000000169ed00000) (1024K)]
  0x0000013c788f4040 JavaThread "Execution worker Thread 4"         [_thread_blocked, id=17764, stack(0x000000169ed00000,0x000000169ee00000) (1024K)]
  0x0000013c788f0bc0 JavaThread "Execution worker Thread 5"         [_thread_blocked, id=18148, stack(0x000000169ee00000,0x000000169ef00000) (1024K)]
  0x0000013c788f67a0 JavaThread "Execution worker Thread 6"         [_thread_blocked, id=12156, stack(0x000000169ef00000,0x000000169f000000) (1024K)]
  0x0000013c788f6e30 JavaThread "Execution worker Thread 7"         [_thread_blocked, id=19412, stack(0x000000169f000000,0x000000169f100000) (1024K)]
  0x0000013c788f53f0 JavaThread "Execution worker Thread 8"         [_thread_blocked, id=9796, stack(0x000000169f100000,0x000000169f200000) (1024K)]
  0x0000013c788f74c0 JavaThread "Execution worker Thread 9"         [_thread_blocked, id=17584, stack(0x000000169f200000,0x000000169f300000) (1024K)]
  0x0000013c788f46d0 JavaThread "Execution worker Thread 10"        [_thread_blocked, id=15592, stack(0x000000169f300000,0x000000169f400000) (1024K)]
  0x0000013c788f4d60 JavaThread "Execution worker Thread 11"        [_thread_blocked, id=14748, stack(0x000000169f400000,0x000000169f500000) (1024K)]
  0x0000013c77674de0 JavaThread "Cache worker for execution history cache (C:\Users\delos\AndroidStudioProjects\LoroLingo\.gradle\9.4.1\executionHistory)"        [_thread_blocked, id=12008, stack(0x000000169f500000,0x000000169f600000) (1024K)]
  0x0000013c776e83d0 JavaThread "WorkerExecutor Queue"              [_thread_blocked, id=6796, stack(0x000000169ca00000,0x000000169cb00000) (1024K)]
  0x0000013c776e7d40 JavaThread "WorkerExecutor Queue Thread 2"        [_thread_blocked, id=6864, stack(0x000000169f600000,0x000000169f700000) (1024K)]
  0x0000013c798dc870 JavaThread "C2 CompilerThread1"         daemon [_thread_blocked, id=19512, stack(0x000000169f700000,0x000000169f800000) (1024K)]
  0x0000013c776e7020 JavaThread "WorkerExecutor Queue Thread 3"        [_thread_blocked, id=19212, stack(0x000000169f800000,0x000000169f900000) (1024K)]
  0x0000013c776e4f50 JavaThread "WorkerExecutor Queue Thread 4"        [_thread_blocked, id=16860, stack(0x000000169f900000,0x000000169fa00000) (1024K)]
  0x0000013c79fe19f0 JavaThread "ForkJoinPool-1-worker-1"    daemon [_thread_blocked, id=7280, stack(0x000000169fa00000,0x000000169fb00000) (1024K)]
  0x0000013c79fe5500 JavaThread "ForkJoinPool-1-worker-2"    daemon [_thread_blocked, id=8236, stack(0x000000169fb00000,0x000000169fc00000) (1024K)]
  0x0000013c79fe2080 JavaThread "ForkJoinPool-1-worker-3"    daemon [_thread_blocked, id=17708, stack(0x000000169fc00000,0x000000169fd00000) (1024K)]
  0x0000013c79fe5b90 JavaThread "ForkJoinPool-1-worker-4"    daemon [_thread_blocked, id=17552, stack(0x000000169fd00000,0x000000169fe00000) (1024K)]
  0x0000013c79fe6220 JavaThread "ForkJoinPool-1-worker-5"    daemon [_thread_blocked, id=18372, stack(0x000000169fe00000,0x000000169ff00000) (1024K)]
  0x0000013c79fe68b0 JavaThread "ForkJoinPool-1-worker-6"    daemon [_thread_blocked, id=16912, stack(0x000000169ff00000,0x00000016a0000000) (1024K)]
  0x0000013c79fe6f40 JavaThread "ForkJoinPool-1-worker-7"    daemon [_thread_blocked, id=13284, stack(0x00000016a0000000,0x00000016a0100000) (1024K)]
  0x0000013c79fe7c60 JavaThread "ForkJoinPool-1-worker-8"    daemon [_thread_blocked, id=6048, stack(0x00000016a0100000,0x00000016a0200000) (1024K)]
  0x0000013c79fe75d0 JavaThread "ForkJoinPool-1-worker-9"    daemon [_thread_blocked, id=15588, stack(0x00000016a0200000,0x00000016a0300000) (1024K)]
  0x0000013c79fe82f0 JavaThread "ForkJoinPool-1-worker-10"   daemon [_thread_blocked, id=17108, stack(0x00000016a0300000,0x00000016a0400000) (1024K)]
  0x0000013c778bcfc0 JavaThread "ForkJoinPool-1-worker-11"   daemon [_thread_blocked, id=8836, stack(0x00000016a0400000,0x00000016a0500000) (1024K)]
  0x0000013c778bbc10 JavaThread "ForkJoinPool-1-worker-12"   daemon [_thread_blocked, id=5280, stack(0x00000016a0500000,0x00000016a0600000) (1024K)]
Total: 90

Other Threads:
=>0x0000013c6d9768b0 VMThread "VM Thread"                           [id=19896, stack(0x000000169a100000,0x000000169a200000) (1024K)]
  0x0000013c6d929770 WatcherThread "VM Periodic Task Thread"        [id=14744, stack(0x000000169a000000,0x000000169a100000) (1024K)]
  0x0000013c54bae4c0 WorkerThread "GC Thread#0"                     [id=16364, stack(0x0000001699b00000,0x0000001699c00000) (1024K)]
  0x0000013c6d9773c0 WorkerThread "GC Thread#1"                     [id=18788, stack(0x000000169ad00000,0x000000169ae00000) (1024K)]
  0x0000013c6d976500 WorkerThread "GC Thread#2"                     [id=8808, stack(0x000000169ae00000,0x000000169af00000) (1024K)]
  0x0000013c6d9759f0 WorkerThread "GC Thread#3"                     [id=14572, stack(0x000000169af00000,0x000000169b000000) (1024K)]
  0x0000013c72cad670 WorkerThread "GC Thread#4"                     [id=5276, stack(0x000000169b000000,0x000000169b100000) (1024K)]
  0x0000013c72cae180 WorkerThread "GC Thread#5"                     [id=11280, stack(0x000000169bb00000,0x000000169bc00000) (1024K)]
  0x0000013c72cacf10 WorkerThread "GC Thread#6"                     [id=20376, stack(0x000000169bc00000,0x000000169bd00000) (1024K)]
  0x0000013c72cae530 WorkerThread "GC Thread#7"                     [id=2980, stack(0x000000169bd00000,0x000000169be00000) (1024K)]
  0x0000013c72cac050 WorkerThread "GC Thread#8"                     [id=15224, stack(0x000000169be00000,0x000000169bf00000) (1024K)]
  0x0000013c72cae8e0 WorkerThread "GC Thread#9"                     [id=14888, stack(0x000000169bf00000,0x000000169c000000) (1024K)]
  0x0000013c54bbb3c0 ConcurrentGCThread "G1 Main Marker"            [id=18872, stack(0x0000001699c00000,0x0000001699d00000) (1024K)]
  0x0000013c54bbde00 WorkerThread "G1 Conc#0"                       [id=7240, stack(0x0000001699d00000,0x0000001699e00000) (1024K)]
  0x0000013c72cac7b0 WorkerThread "G1 Conc#1"                       [id=13556, stack(0x000000169c000000,0x000000169c100000) (1024K)]
  0x0000013c72cab540 WorkerThread "G1 Conc#2"                       [id=15292, stack(0x000000169c100000,0x000000169c200000) (1024K)]
  0x0000013c6d7fd040 ConcurrentGCThread "G1 Refine#0"               [id=18192, stack(0x0000001699e00000,0x0000001699f00000) (1024K)]
  0x0000013c6d7fd870 ConcurrentGCThread "G1 Service"                [id=19964, stack(0x0000001699f00000,0x000000169a000000) (1024K)]
Total: 18

Threads with active compile tasks:
C2 CompilerThread0  30167 15964   !   4       com.android.tools.r8.graph.m9::c (823 bytes)
C1 CompilerThread0  30167 15982       2       com.android.tools.r8.internal.nv::a (1059 bytes)
C2 CompilerThread1  30167 15975       4       com.android.tools.r8.graph.i9::c (121 bytes)
Total: 3

VM state: at safepoint (normal execution)

VM Mutex/Monitor currently owned by a thread:  ([mutex/lock_event])
[0x00007ffcc2cf86d0] Threads_lock - owner thread: 0x0000013c6d9768b0
[0x00007ffcc2cf87d0] Heap_lock - owner thread: 0x0000013c788f46d0

Heap address: 0x0000000740000000, size: 3072 MB, Compressed Oops mode: Zero based, Oop shift amount: 3

CDS archive(s) not mapped
Compressed class space mapped at: 0x0000000800000000-0x0000000840000000, reserved size: 1073741824
Narrow klass base: 0x0000000800000000, Narrow klass shift: 0, Narrow klass range: 0x40000000

GC Precious Log:
 CardTable entry size: 512
 Card Set container configuration: InlinePtr #cards 4 size 8 Array Of Cards #cards 16 size 48 Howl #buckets 8 coarsen threshold 3686 Howl Bitmap #cards 512 size 80 coarsen threshold 460 Card regions per heap region 1 cards per card region 4096
 CPUs: 12 total, 12 available
 Memory: 8016M
 Large Page Support: Disabled
 NUMA Support: Disabled
 Compressed Oops: Enabled (Zero based)
 Heap Region Size: 2M
 Heap Min Capacity: 8M
 Heap Initial Capacity: 126M
 Heap Max Capacity: 3G
 Pre-touch: Disabled
 Parallel Workers: 10
 Concurrent Workers: 3
 Concurrent Refinement Workers: 10
 Periodic GC: Disabled

Heap:
 garbage-first heap   total 235520K, used 184250K [0x0000000740000000, 0x0000000800000000)
  region size 2048K, 3 young (6144K), 3 survivors (6144K)
 Metaspace       used 130071K, committed 132544K, reserved 1179648K
  class space    used 18251K, committed 19456K, reserved 1048576K

Heap Regions: E=young(eden), S=young(survivor), O=old, HS=humongous(starts), HC=humongous(continues), CS=collection set, F=free, TAMS=top-at-mark-start, PB=parsable bottom
|   0|0x0000000740000000, 0x0000000740200000, 0x0000000740200000|100%|HS|  |TAMS 0x0000000740200000| PB 0x0000000740000000| Complete 
|   1|0x0000000740200000, 0x0000000740400000, 0x0000000740400000|100%|HC|  |TAMS 0x0000000740400000| PB 0x0000000740200000| Complete 
|   2|0x0000000740400000, 0x0000000740600000, 0x0000000740600000|100%| O|  |TAMS 0x0000000740600000| PB 0x0000000740400000| Untracked 
|   3|0x0000000740600000, 0x0000000740800000, 0x0000000740800000|100%| O|  |TAMS 0x0000000740800000| PB 0x0000000740600000| Untracked 
|   4|0x0000000740800000, 0x0000000740a00000, 0x0000000740a00000|100%| O|  |TAMS 0x0000000740a00000| PB 0x0000000740800000| Untracked 
|   5|0x0000000740a00000, 0x0000000740c00000, 0x0000000740c00000|100%| O|  |TAMS 0x0000000740c00000| PB 0x0000000740a00000| Untracked 
|   6|0x0000000740c00000, 0x0000000740e00000, 0x0000000740e00000|100%| O|  |TAMS 0x0000000740e00000| PB 0x0000000740c00000| Untracked 
|   7|0x0000000740e00000, 0x0000000741000000, 0x0000000741000000|100%| O|  |TAMS 0x0000000741000000| PB 0x0000000740e00000| Untracked 
|   8|0x0000000741000000, 0x0000000741200000, 0x0000000741200000|100%| O|  |TAMS 0x0000000741200000| PB 0x0000000741000000| Untracked 
|   9|0x0000000741200000, 0x0000000741400000, 0x0000000741400000|100%|HS|  |TAMS 0x0000000741400000| PB 0x0000000741200000| Complete 
|  10|0x0000000741400000, 0x0000000741600000, 0x0000000741600000|100%| O|  |TAMS 0x0000000741600000| PB 0x0000000741400000| Untracked 
|  11|0x0000000741600000, 0x0000000741800000, 0x0000000741800000|100%| O|  |TAMS 0x0000000741800000| PB 0x0000000741600000| Untracked 
|  12|0x0000000741800000, 0x0000000741a00000, 0x0000000741a00000|100%| O|  |TAMS 0x0000000741a00000| PB 0x0000000741800000| Untracked 
|  13|0x0000000741a00000, 0x0000000741c00000, 0x0000000741c00000|100%| O|  |TAMS 0x0000000741c00000| PB 0x0000000741a00000| Untracked 
|  14|0x0000000741c00000, 0x0000000741e00000, 0x0000000741e00000|100%| O|  |TAMS 0x0000000741e00000| PB 0x0000000741c00000| Untracked 
|  15|0x0000000741e00000, 0x0000000742000000, 0x0000000742000000|100%| O|  |TAMS 0x0000000742000000| PB 0x0000000741e00000| Untracked 
|  16|0x0000000742000000, 0x0000000742200000, 0x0000000742200000|100%| O|  |TAMS 0x0000000742200000| PB 0x0000000742000000| Untracked 
|  17|0x0000000742200000, 0x0000000742400000, 0x0000000742400000|100%| O|  |TAMS 0x0000000742400000| PB 0x0000000742200000| Untracked 
|  18|0x0000000742400000, 0x0000000742600000, 0x0000000742600000|100%| O|  |TAMS 0x0000000742600000| PB 0x0000000742400000| Untracked 
|  19|0x0000000742600000, 0x0000000742800000, 0x0000000742800000|100%| O|  |TAMS 0x0000000742800000| PB 0x0000000742600000| Untracked 
|  20|0x0000000742800000, 0x0000000742a00000, 0x0000000742a00000|100%| O|  |TAMS 0x0000000742a00000| PB 0x0000000742800000| Untracked 
|  21|0x0000000742a00000, 0x0000000742c00000, 0x0000000742c00000|100%|HS|  |TAMS 0x0000000742c00000| PB 0x0000000742a00000| Complete 
|  22|0x0000000742c00000, 0x0000000742e00000, 0x0000000742e00000|100%|HS|  |TAMS 0x0000000742e00000| PB 0x0000000742c00000| Complete 
|  23|0x0000000742e00000, 0x0000000743000000, 0x0000000743000000|100%| O|  |TAMS 0x0000000743000000| PB 0x0000000742e00000| Untracked 
|  24|0x0000000743000000, 0x0000000743200000, 0x0000000743200000|100%|HS|  |TAMS 0x0000000743200000| PB 0x0000000743000000| Complete 
|  25|0x0000000743200000, 0x0000000743400000, 0x0000000743400000|100%| O|  |TAMS 0x0000000743400000| PB 0x0000000743200000| Untracked 
|  26|0x0000000743400000, 0x0000000743600000, 0x0000000743600000|100%| O|  |TAMS 0x0000000743600000| PB 0x0000000743400000| Untracked 
|  27|0x0000000743600000, 0x0000000743800000, 0x0000000743800000|100%| O|  |TAMS 0x0000000743800000| PB 0x0000000743600000| Untracked 
|  28|0x0000000743800000, 0x0000000743a00000, 0x0000000743a00000|100%| O|  |TAMS 0x0000000743a00000| PB 0x0000000743800000| Untracked 
|  29|0x0000000743a00000, 0x0000000743c00000, 0x0000000743c00000|100%| O|  |TAMS 0x0000000743a00000| PB 0x0000000743a00000| Untracked 
|  30|0x0000000743c00000, 0x0000000743e00000, 0x0000000743e00000|100%| O|  |TAMS 0x0000000743e00000| PB 0x0000000743c00000| Untracked 
|  31|0x0000000743e00000, 0x0000000744000000, 0x0000000744000000|100%| O|  |TAMS 0x0000000744000000| PB 0x0000000743e00000| Untracked 
|  32|0x0000000744000000, 0x0000000744200000, 0x0000000744200000|100%| O|  |TAMS 0x0000000744200000| PB 0x0000000744000000| Untracked 
|  33|0x0000000744200000, 0x0000000744400000, 0x0000000744400000|100%| O|  |TAMS 0x0000000744400000| PB 0x0000000744200000| Untracked 
|  34|0x0000000744400000, 0x0000000744600000, 0x0000000744600000|100%| O|  |TAMS 0x0000000744600000| PB 0x0000000744400000| Untracked 
|  35|0x0000000744600000, 0x0000000744800000, 0x0000000744800000|100%| O|  |TAMS 0x0000000744800000| PB 0x0000000744600000| Untracked 
|  36|0x0000000744800000, 0x0000000744a00000, 0x0000000744a00000|100%| O|  |TAMS 0x0000000744a00000| PB 0x0000000744800000| Untracked 
|  37|0x0000000744a00000, 0x0000000744c00000, 0x0000000744c00000|100%| O|  |TAMS 0x0000000744c00000| PB 0x0000000744a00000| Untracked 
|  38|0x0000000744c00000, 0x0000000744e00000, 0x0000000744e00000|100%| O|  |TAMS 0x0000000744e00000| PB 0x0000000744c00000| Untracked 
|  39|0x0000000744e00000, 0x0000000745000000, 0x0000000745000000|100%| O|  |TAMS 0x0000000745000000| PB 0x0000000744e00000| Untracked 
|  40|0x0000000745000000, 0x0000000745200000, 0x0000000745200000|100%| O|  |TAMS 0x0000000745200000| PB 0x0000000745000000| Untracked 
|  41|0x0000000745200000, 0x0000000745400000, 0x0000000745400000|100%| O|  |TAMS 0x0000000745400000| PB 0x0000000745200000| Untracked 
|  42|0x0000000745400000, 0x0000000745600000, 0x0000000745600000|100%| O|  |TAMS 0x0000000745600000| PB 0x0000000745400000| Untracked 
|  43|0x0000000745600000, 0x0000000745800000, 0x0000000745800000|100%| O|  |TAMS 0x0000000745800000| PB 0x0000000745600000| Untracked 
|  44|0x0000000745800000, 0x0000000745a00000, 0x0000000745a00000|100%| O|  |TAMS 0x0000000745a00000| PB 0x0000000745800000| Untracked 
|  45|0x0000000745a00000, 0x0000000745c00000, 0x0000000745c00000|100%| O|  |TAMS 0x0000000745c00000| PB 0x0000000745a00000| Untracked 
|  46|0x0000000745c00000, 0x0000000745e00000, 0x0000000745e00000|100%| O|  |TAMS 0x0000000745e00000| PB 0x0000000745c00000| Untracked 
|  47|0x0000000745e00000, 0x0000000746000000, 0x0000000746000000|100%| O|  |TAMS 0x0000000746000000| PB 0x0000000745e00000| Untracked 
|  48|0x0000000746000000, 0x0000000746200000, 0x0000000746200000|100%| O|  |TAMS 0x0000000746200000| PB 0x0000000746000000| Untracked 
|  49|0x0000000746200000, 0x0000000746400000, 0x0000000746400000|100%| O|  |TAMS 0x0000000746400000| PB 0x0000000746200000| Untracked 
|  50|0x0000000746400000, 0x0000000746600000, 0x0000000746600000|100%| O|  |TAMS 0x0000000746600000| PB 0x0000000746400000| Untracked 
|  51|0x0000000746600000, 0x0000000746800000, 0x0000000746800000|100%| O|  |TAMS 0x0000000746800000| PB 0x0000000746600000| Untracked 
|  52|0x0000000746800000, 0x0000000746a00000, 0x0000000746a00000|100%| O|  |TAMS 0x0000000746a00000| PB 0x0000000746800000| Untracked 
|  53|0x0000000746a00000, 0x0000000746c00000, 0x0000000746c00000|100%| O|  |TAMS 0x0000000746a00000| PB 0x0000000746a00000| Untracked 
|  54|0x0000000746c00000, 0x0000000746e00000, 0x0000000746e00000|100%| O|  |TAMS 0x0000000746e00000| PB 0x0000000746c00000| Untracked 
|  55|0x0000000746e00000, 0x0000000747000000, 0x0000000747000000|100%| O|  |TAMS 0x0000000747000000| PB 0x0000000746e00000| Untracked 
|  56|0x0000000747000000, 0x0000000747200000, 0x0000000747200000|100%| O|  |TAMS 0x0000000747200000| PB 0x0000000747000000| Untracked 
|  57|0x0000000747200000, 0x0000000747400000, 0x0000000747400000|100%| O|  |TAMS 0x0000000747400000| PB 0x0000000747200000| Untracked 
|  58|0x0000000747400000, 0x0000000747600000, 0x0000000747600000|100%| O|  |TAMS 0x0000000747600000| PB 0x0000000747400000| Untracked 
|  59|0x0000000747600000, 0x0000000747800000, 0x0000000747800000|100%| O|  |TAMS 0x0000000747800000| PB 0x0000000747600000| Untracked 
|  60|0x0000000747800000, 0x0000000747a00000, 0x0000000747a00000|100%| O|  |TAMS 0x0000000747800000| PB 0x0000000747800000| Untracked 
|  61|0x0000000747a00000, 0x0000000747c00000, 0x0000000747c00000|100%| O|  |TAMS 0x0000000747a00000| PB 0x0000000747a00000| Untracked 
|  62|0x0000000747c00000, 0x0000000747e00000, 0x0000000747e00000|100%| O|  |TAMS 0x0000000747c00000| PB 0x0000000747c00000| Untracked 
|  63|0x0000000747e00000, 0x0000000748000000, 0x0000000748000000|100%| O|  |TAMS 0x0000000747e00000| PB 0x0000000747e00000| Untracked 
|  64|0x0000000748000000, 0x0000000748200000, 0x0000000748200000|100%| O|  |TAMS 0x0000000748000000| PB 0x0000000748000000| Untracked 
|  65|0x0000000748200000, 0x0000000748400000, 0x0000000748400000|100%| O|  |TAMS 0x0000000748200000| PB 0x0000000748200000| Untracked 
|  66|0x0000000748400000, 0x0000000748600000, 0x0000000748600000|100%| O|  |TAMS 0x0000000748400000| PB 0x0000000748400000| Untracked 
|  67|0x0000000748600000, 0x0000000748800000, 0x0000000748800000|100%| O|  |TAMS 0x0000000748600000| PB 0x0000000748600000| Untracked 
|  68|0x0000000748800000, 0x0000000748a00000, 0x0000000748a00000|100%| O|  |TAMS 0x0000000748800000| PB 0x0000000748800000| Untracked 
|  69|0x0000000748a00000, 0x0000000748c00000, 0x0000000748c00000|100%| O|  |TAMS 0x0000000748a00000| PB 0x0000000748a00000| Untracked 
|  70|0x0000000748c00000, 0x0000000748e00000, 0x0000000748e00000|100%| O|  |TAMS 0x0000000748c00000| PB 0x0000000748c00000| Untracked 
|  71|0x0000000748e00000, 0x0000000748e00000, 0x0000000749000000|  0%| F|  |TAMS 0x0000000748e00000| PB 0x0000000748e00000| Untracked 
|  72|0x0000000749000000, 0x0000000749000000, 0x0000000749200000|  0%| F|  |TAMS 0x0000000749000000| PB 0x0000000749000000| Untracked 
|  73|0x0000000749200000, 0x0000000749200000, 0x0000000749400000|  0%| F|  |TAMS 0x0000000749200000| PB 0x0000000749200000| Untracked 
|  74|0x0000000749400000, 0x0000000749400000, 0x0000000749600000|  0%| F|  |TAMS 0x0000000749400000| PB 0x0000000749400000| Untracked 
|  75|0x0000000749600000, 0x0000000749800000, 0x0000000749800000|100%| O|  |TAMS 0x0000000749600000| PB 0x0000000749600000| Untracked 
|  76|0x0000000749800000, 0x0000000749a00000, 0x0000000749a00000|100%| O|  |TAMS 0x0000000749800000| PB 0x0000000749800000| Untracked 
|  77|0x0000000749a00000, 0x0000000749beebe8, 0x0000000749c00000| 96%| O|  |TAMS 0x0000000749a00000| PB 0x0000000749a00000| Untracked 
|  78|0x0000000749c00000, 0x0000000749c00000, 0x0000000749e00000|  0%| F|  |TAMS 0x0000000749c00000| PB 0x0000000749c00000| Untracked 
|  79|0x0000000749e00000, 0x000000074a000000, 0x000000074a000000|100%| S|CS|TAMS 0x0000000749e00000| PB 0x0000000749e00000| Complete 
|  80|0x000000074a000000, 0x000000074a200000, 0x000000074a200000|100%| S|CS|TAMS 0x000000074a000000| PB 0x000000074a000000| Complete 
|  81|0x000000074a200000, 0x000000074a400000, 0x000000074a400000|100%| S|CS|TAMS 0x000000074a200000| PB 0x000000074a200000| Complete 
|  82|0x000000074a400000, 0x000000074a400000, 0x000000074a600000|  0%| F|  |TAMS 0x000000074a400000| PB 0x000000074a400000| Untracked 
|  83|0x000000074a600000, 0x000000074a600000, 0x000000074a800000|  0%| F|  |TAMS 0x000000074a600000| PB 0x000000074a600000| Untracked 
|  84|0x000000074a800000, 0x000000074a800000, 0x000000074aa00000|  0%| F|  |TAMS 0x000000074a800000| PB 0x000000074a800000| Untracked 
|  85|0x000000074aa00000, 0x000000074aa00000, 0x000000074ac00000|  0%| F|  |TAMS 0x000000074aa00000| PB 0x000000074aa00000| Untracked 
|  86|0x000000074ac00000, 0x000000074ac00000, 0x000000074ae00000|  0%| F|  |TAMS 0x000000074ac00000| PB 0x000000074ac00000| Untracked 
|  87|0x000000074ae00000, 0x000000074ae00000, 0x000000074b000000|  0%| F|  |TAMS 0x000000074ae00000| PB 0x000000074ae00000| Untracked 
|  88|0x000000074b000000, 0x000000074b000000, 0x000000074b200000|  0%| F|  |TAMS 0x000000074b000000| PB 0x000000074b000000| Untracked 
|  89|0x000000074b200000, 0x000000074b200000, 0x000000074b400000|  0%| F|  |TAMS 0x000000074b200000| PB 0x000000074b200000| Untracked 
|  90|0x000000074b400000, 0x000000074b400000, 0x000000074b600000|  0%| F|  |TAMS 0x000000074b400000| PB 0x000000074b400000| Untracked 
|  91|0x000000074b600000, 0x000000074b600000, 0x000000074b800000|  0%| F|  |TAMS 0x000000074b600000| PB 0x000000074b600000| Untracked 
|  92|0x000000074b800000, 0x000000074b800000, 0x000000074ba00000|  0%| F|  |TAMS 0x000000074b800000| PB 0x000000074b800000| Untracked 
|  93|0x000000074ba00000, 0x000000074ba00000, 0x000000074bc00000|  0%| F|  |TAMS 0x000000074ba00000| PB 0x000000074ba00000| Untracked 
|  94|0x000000074bc00000, 0x000000074bc00000, 0x000000074be00000|  0%| F|  |TAMS 0x000000074bc00000| PB 0x000000074bc00000| Untracked 
|  95|0x000000074be00000, 0x000000074be00000, 0x000000074c000000|  0%| F|  |TAMS 0x000000074be00000| PB 0x000000074be00000| Untracked 
|  96|0x000000074c000000, 0x000000074c000000, 0x000000074c200000|  0%| F|  |TAMS 0x000000074c000000| PB 0x000000074c000000| Untracked 
|1518|0x00000007fdc00000, 0x00000007fde00000, 0x00000007fde00000|100%| O|  |TAMS 0x00000007fdc00000| PB 0x00000007fdc00000| Untracked 
|1519|0x00000007fde00000, 0x00000007fe000000, 0x00000007fe000000|100%| O|  |TAMS 0x00000007fdfd6700| PB 0x00000007fde00000| Untracked 
|1520|0x00000007fe000000, 0x00000007fe200000, 0x00000007fe200000|100%| O|  |TAMS 0x00000007fe200000| PB 0x00000007fe000000| Untracked 
|1521|0x00000007fe200000, 0x00000007fe200000, 0x00000007fe400000|  0%| F|  |TAMS 0x00000007fe200000| PB 0x00000007fe200000| Untracked 
|1522|0x00000007fe400000, 0x00000007fe600000, 0x00000007fe600000|100%| O|  |TAMS 0x00000007fe600000| PB 0x00000007fe400000| Untracked 
|1523|0x00000007fe600000, 0x00000007fe800000, 0x00000007fe800000|100%| O|  |TAMS 0x00000007fe800000| PB 0x00000007fe600000| Untracked 
|1524|0x00000007fe800000, 0x00000007fea00000, 0x00000007fea00000|100%| O|  |TAMS 0x00000007fea00000| PB 0x00000007fe800000| Untracked 
|1525|0x00000007fea00000, 0x00000007fec00000, 0x00000007fec00000|100%| O|  |TAMS 0x00000007fec00000| PB 0x00000007fea00000| Untracked 
|1526|0x00000007fec00000, 0x00000007fee00000, 0x00000007fee00000|100%| O|  |TAMS 0x00000007fee00000| PB 0x00000007fec00000| Untracked 
|1527|0x00000007fee00000, 0x00000007fee00000, 0x00000007ff000000|  0%| F|  |TAMS 0x00000007fee00000| PB 0x00000007fee00000| Untracked 
|1528|0x00000007ff000000, 0x00000007ff000000, 0x00000007ff200000|  0%| F|  |TAMS 0x00000007ff000000| PB 0x00000007ff000000| Untracked 
|1529|0x00000007ff200000, 0x00000007ff200000, 0x00000007ff400000|  0%| F|  |TAMS 0x00000007ff200000| PB 0x00000007ff200000| Untracked 
|1530|0x00000007ff400000, 0x00000007ff600000, 0x00000007ff600000|100%| O|  |TAMS 0x00000007ff600000| PB 0x00000007ff400000| Untracked 
|1531|0x00000007ff600000, 0x00000007ff600000, 0x00000007ff800000|  0%| F|  |TAMS 0x00000007ff600000| PB 0x00000007ff600000| Untracked 
|1532|0x00000007ff800000, 0x00000007ffa00000, 0x00000007ffa00000|100%| O|  |TAMS 0x00000007ffa00000| PB 0x00000007ff800000| Untracked 
|1533|0x00000007ffa00000, 0x00000007ffc00000, 0x00000007ffc00000|100%| O|  |TAMS 0x00000007ffc00000| PB 0x00000007ffa00000| Untracked 
|1534|0x00000007ffc00000, 0x00000007ffe00000, 0x00000007ffe00000|100%| O|  |TAMS 0x00000007ffe00000| PB 0x00000007ffc00000| Untracked 
|1535|0x00000007ffe00000, 0x0000000800000000, 0x0000000800000000|100%| O|  |TAMS 0x0000000800000000| PB 0x00000007ffe00000| Untracked 

Card table byte_map: [0x0000013c67800000,0x0000013c67e00000] _byte_map_base: 0x0000013c63e00000

Marking Bits: (CMBitMap*) 0x0000013c54baeae0
 Bits: [0x0000013c67e00000, 0x0000013c6ae00000)

Polling page: 0x0000013c52930000

Metaspace:

Usage:
  Non-class:    109.20 MB used.
      Class:     17.82 MB used.
       Both:    127.02 MB used.

Virtual space:
  Non-class space:      128.00 MB reserved,     110.44 MB ( 86%) committed,  2 nodes.
      Class space:        1.00 GB reserved,      19.00 MB (  2%) committed,  1 nodes.
             Both:        1.12 GB reserved,     129.44 MB ( 11%) committed. 

Chunk freelists:
   Non-Class:  784.00 KB
       Class:  12.83 MB
        Both:  13.59 MB

MaxMetaspaceSize: unlimited
CompressedClassSpaceSize: 1.00 GB
Initial GC threshold: 21.00 MB
Current GC threshold: 209.06 MB
CDS: off
 - commit_granule_bytes: 65536.
 - commit_granule_words: 8192.
 - virtual_space_node_default_size: 8388608.
 - enlarge_chunks_in_place: 1.
 - use_allocation_guard: 0.


Internal statistics:

num_allocs_failed_limit: 12.
num_arena_births: 4816.
num_arena_deaths: 2.
num_vsnodes_births: 3.
num_vsnodes_deaths: 0.
num_space_committed: 2069.
num_space_uncommitted: 0.
num_chunks_returned_to_freelist: 14.
num_chunks_taken_from_freelist: 10459.
num_chunk_merges: 12.
num_chunk_splits: 6833.
num_chunks_enlarged: 4321.
num_inconsistent_stats: 0.

CodeHeap 'non-profiled nmethods': size=120000Kb used=8229Kb max_used=8229Kb free=111770Kb
 bounds [0x0000013c5f780000, 0x0000013c5ff90000, 0x0000013c66cb0000]
CodeHeap 'profiled nmethods': size=120000Kb used=25607Kb max_used=25607Kb free=94392Kb
 bounds [0x0000013c57cb0000, 0x0000013c595c0000, 0x0000013c5f1e0000]
CodeHeap 'non-nmethods': size=5760Kb used=2053Kb max_used=2100Kb free=3706Kb
 bounds [0x0000013c5f1e0000, 0x0000013c5f450000, 0x0000013c5f780000]
CodeCache: size=245760Kb, used=35889Kb, max_used=35936Kb, free=209868Kb
 total_blobs=14282, nmethods=13353, adapters=833, full_count=0
Compilation: enabled, stopped_count=0, restarted_count=0

Compilation events (20 events):
Event: 29.040 Thread 0x0000013c6dcb0580 nmethod 15969 0x0000013c595af410 code [0x0000013c595af5c0, 0x0000013c595af978]
Event: 29.040 Thread 0x0000013c6dcb0580 15970       2       com.android.tools.r8.graph.h8$$Lambda/0x000000080131e900::<init> (10 bytes)
Event: 29.040 Thread 0x0000013c6dcb0580 nmethod 15970 0x0000013c595afa90 code [0x0000013c595afc20, 0x0000013c595afd78]
Event: 29.040 Thread 0x0000013c6dcb0580 15971       2       com.android.tools.r8.graph.g8::a (150 bytes)
Event: 29.040 Thread 0x0000013c6dcb0580 nmethod 15971 0x0000013c595afe10 code [0x0000013c595affe0, 0x0000013c595b02e8]
Event: 29.041 Thread 0x0000013c6dc7cdc0 nmethod 15965 0x0000013c5ff86010 code [0x0000013c5ff861c0, 0x0000013c5ff863a8]
Event: 29.041 Thread 0x0000013c6dc7cdc0 15964   !   4       com.android.tools.r8.graph.m9::c (823 bytes)
Event: 29.043 Thread 0x0000013c6dcb0580 15976   !   3       java.util.concurrent.ConcurrentHashMap::putVal (432 bytes)
Event: 29.045 Thread 0x0000013c6dcb0580 nmethod 15976 0x0000013c595b0490 code [0x0000013c595b0820, 0x0000013c595b2328]
Event: 29.045 Thread 0x0000013c6dcb0580 15977       2       java.lang.Throwable::<init> (29 bytes)
Event: 29.045 Thread 0x0000013c6dcb0580 nmethod 15977 0x0000013c595b2d10 code [0x0000013c595b2ec0, 0x0000013c595b3140]
Event: 29.052 Thread 0x0000013c6dcb0580 15979       2       com.android.tools.r8.graph.e8$a::<init> (32 bytes)
Event: 29.052 Thread 0x0000013c6dcb0580 nmethod 15979 0x0000013c595b3210 code [0x0000013c595b33c0, 0x0000013c595b3590]
Event: 29.058 Thread 0x0000013c798dc870 nmethod 15955 0x0000013c5ff86590 code [0x0000013c5ff86900, 0x0000013c5ff88478]
Event: 29.058 Thread 0x0000013c798dc870 15978       4       com.android.tools.r8.internal.gk4::a (69 bytes)
Event: 29.059 Thread 0x0000013c6dcb0580 15981       2       com.android.tools.r8.graph.k6::<init> (15 bytes)
Event: 29.059 Thread 0x0000013c6dcb0580 nmethod 15981 0x0000013c595b3690 code [0x0000013c595b3820, 0x0000013c595b3990]
Event: 29.062 Thread 0x0000013c798dc870 nmethod 15978 0x0000013c5ff89410 code [0x0000013c5ff895c0, 0x0000013c5ff89820]
Event: 29.062 Thread 0x0000013c798dc870 15975       4       com.android.tools.r8.graph.i9::c (121 bytes)
Event: 29.065 Thread 0x0000013c6dcb0580 15982       2       com.android.tools.r8.internal.nv::a (1059 bytes)

GC Heap History (20 events):
Event: 23.326 GC heap after
{Heap after GC invocations=41 (full 0):
 garbage-first heap   total 192512K, used 102707K [0x0000000740000000, 0x0000000800000000)
  region size 2048K, 6 young (12288K), 6 survivors (12288K)
 Metaspace       used 110201K, committed 112512K, reserved 1179648K
  class space    used 15598K, committed 16704K, reserved 1048576K
}
Event: 24.268 GC heap before
{Heap before GC invocations=42 (full 0):
 garbage-first heap   total 192512K, used 174387K [0x0000000740000000, 0x0000000800000000)
  region size 2048K, 41 young (83968K), 6 survivors (12288K)
 Metaspace       used 115617K, committed 117952K, reserved 1179648K
  class space    used 16406K, committed 17536K, reserved 1048576K
}
Event: 24.275 GC heap after
{Heap after GC invocations=43 (full 0):
 garbage-first heap   total 192512K, used 106481K [0x0000000740000000, 0x0000000800000000)
  region size 2048K, 5 young (10240K), 5 survivors (10240K)
 Metaspace       used 115617K, committed 117952K, reserved 1179648K
  class space    used 16406K, committed 17536K, reserved 1048576K
}
Event: 24.972 GC heap before
{Heap before GC invocations=43 (full 0):
 garbage-first heap   total 192512K, used 176113K [0x0000000740000000, 0x0000000800000000)
  region size 2048K, 39 young (79872K), 5 survivors (10240K)
 Metaspace       used 116941K, committed 119360K, reserved 1179648K
  class space    used 16557K, committed 17728K, reserved 1048576K
}
Event: 24.981 GC heap after
{Heap after GC invocations=44 (full 0):
 garbage-first heap   total 200704K, used 116408K [0x0000000740000000, 0x0000000800000000)
  region size 2048K, 5 young (10240K), 5 survivors (10240K)
 Metaspace       used 116941K, committed 119360K, reserved 1179648K
  class space    used 16557K, committed 17728K, reserved 1048576K
}
Event: 26.527 GC heap before
{Heap before GC invocations=44 (full 0):
 garbage-first heap   total 200704K, used 179896K [0x0000000740000000, 0x0000000800000000)
  region size 2048K, 37 young (75776K), 5 survivors (10240K)
 Metaspace       used 122512K, committed 124928K, reserved 1179648K
  class space    used 17237K, committed 18432K, reserved 1048576K
}
Event: 26.535 GC heap after
{Heap after GC invocations=45 (full 0):
 garbage-first heap   total 202752K, used 124367K [0x0000000740000000, 0x0000000800000000)
  region size 2048K, 4 young (8192K), 4 survivors (8192K)
 Metaspace       used 122512K, committed 124928K, reserved 1179648K
  class space    used 17237K, committed 18432K, reserved 1048576K
}
Event: 27.721 GC heap before
{Heap before GC invocations=46 (full 0):
 garbage-first heap   total 212992K, used 181711K [0x0000000740000000, 0x0000000800000000)
  region size 2048K, 32 young (65536K), 4 survivors (8192K)
 Metaspace       used 123895K, committed 126336K, reserved 1179648K
  class space    used 17388K, committed 18560K, reserved 1048576K
}
Event: 27.728 GC heap after
{Heap after GC invocations=47 (full 0):
 garbage-first heap   total 212992K, used 131353K [0x0000000740000000, 0x0000000800000000)
  region size 2048K, 4 young (8192K), 4 survivors (8192K)
 Metaspace       used 123895K, committed 126336K, reserved 1179648K
  class space    used 17388K, committed 18560K, reserved 1048576K
}
Event: 28.187 GC heap before
{Heap before GC invocations=47 (full 0):
 garbage-first heap   total 212992K, used 192793K [0x0000000740000000, 0x0000000800000000)
  region size 2048K, 34 young (69632K), 4 survivors (8192K)
 Metaspace       used 125393K, committed 127936K, reserved 1179648K
  class space    used 17591K, committed 18816K, reserved 1048576K
}
Event: 28.194 GC heap after
{Heap after GC invocations=48 (full 0):
 garbage-first heap   total 212992K, used 132072K [0x0000000740000000, 0x0000000800000000)
  region size 2048K, 3 young (6144K), 3 survivors (6144K)
 Metaspace       used 125393K, committed 127936K, reserved 1179648K
  class space    used 17591K, committed 18816K, reserved 1048576K
}
Event: 28.263 GC heap before
{Heap before GC invocations=48 (full 0):
 garbage-first heap   total 212992K, used 136168K [0x0000000740000000, 0x0000000800000000)
  region size 2048K, 6 young (12288K), 3 survivors (6144K)
 Metaspace       used 125827K, committed 128320K, reserved 1179648K
  class space    used 17652K, committed 18880K, reserved 1048576K
}
Event: 28.266 GC heap after
{Heap after GC invocations=49 (full 0):
 garbage-first heap   total 212992K, used 132643K [0x0000000740000000, 0x0000000800000000)
  region size 2048K, 1 young (2048K), 1 survivors (2048K)
 Metaspace       used 125827K, committed 128320K, reserved 1179648K
  class space    used 17652K, committed 18880K, reserved 1048576K
}
Event: 28.762 GC heap before
{Heap before GC invocations=50 (full 0):
 garbage-first heap   total 229376K, used 196131K [0x0000000740000000, 0x0000000800000000)
  region size 2048K, 32 young (65536K), 1 survivors (2048K)
 Metaspace       used 129298K, committed 131840K, reserved 1179648K
  class space    used 18158K, committed 19392K, reserved 1048576K
}
Event: 28.765 GC heap after
{Heap after GC invocations=51 (full 0):
 garbage-first heap   total 229376K, used 143349K [0x0000000740000000, 0x0000000800000000)
  region size 2048K, 4 young (8192K), 4 survivors (8192K)
 Metaspace       used 129298K, committed 131840K, reserved 1179648K
  class space    used 18158K, committed 19392K, reserved 1048576K
}
Event: 28.902 GC heap before
{Heap before GC invocations=51 (full 0):
 garbage-first heap   total 229376K, used 206837K [0x0000000740000000, 0x0000000800000000)
  region size 2048K, 36 young (73728K), 4 survivors (8192K)
 Metaspace       used 130019K, committed 132480K, reserved 1179648K
  class space    used 18250K, committed 19456K, reserved 1048576K
}
Event: 28.914 GC heap after
{Heap after GC invocations=52 (full 0):
 garbage-first heap   total 233472K, used 153433K [0x0000000740000000, 0x0000000800000000)
  region size 2048K, 5 young (10240K), 5 survivors (10240K)
 Metaspace       used 130019K, committed 132480K, reserved 1179648K
  class space    used 18250K, committed 19456K, reserved 1048576K
}
Event: 28.990 GC heap before
{Heap before GC invocations=52 (full 0):
 garbage-first heap   total 233472K, used 208729K [0x0000000740000000, 0x0000000800000000)
  region size 2048K, 32 young (65536K), 5 survivors (10240K)
 Metaspace       used 130052K, committed 132544K, reserved 1179648K
  class space    used 18251K, committed 19456K, reserved 1048576K
}
Event: 29.002 GC heap after
{Heap after GC invocations=53 (full 0):
 garbage-first heap   total 235520K, used 168730K [0x0000000740000000, 0x0000000800000000)
  region size 2048K, 4 young (8192K), 4 survivors (8192K)
 Metaspace       used 130052K, committed 132544K, reserved 1179648K
  class space    used 18251K, committed 19456K, reserved 1048576K
}
Event: 29.066 GC heap before
{Heap before GC invocations=53 (full 0):
 garbage-first heap   total 235520K, used 209690K [0x0000000740000000, 0x0000000800000000)
  region size 2048K, 24 young (49152K), 4 survivors (8192K)
 Metaspace       used 130071K, committed 132544K, reserved 1179648K
  class space    used 18251K, committed 19456K, reserved 1048576K
}

Dll operation events (3 events):
Event: 0.008 Loaded shared library C:\Program Files\Android\Android Studio\jbr\bin\java.dll
Event: 0.012 Loaded shared library C:\Program Files\Android\Android Studio\jbr\bin\zip.dll
Event: 0.871 Loaded shared library C:\Program Files\Android\Android Studio\jbr\bin\verify.dll

Deoptimization events (20 events):
Event: 29.025 Thread 0x0000013c79fe7c60 Uncommon trap: trap_request=0xffffffbe fr.pc=0x0000013c5ff81714 relative=0x0000000000001194
Event: 29.025 Thread 0x0000013c79fe7c60 Uncommon trap: reason=profile_predicate action=maybe_recompile pc=0x0000013c5ff81714 method=com.android.tools.r8.internal.os2.put(Ljava/lang/Object;Ljava/lang/Object;)Ljava/lang/Object; @ 92 c2
Event: 29.025 Thread 0x0000013c79fe7c60 DEOPT PACKING pc=0x0000013c5ff81714 sp=0x00000016a01fdd20
Event: 29.025 Thread 0x0000013c79fe7c60 DEOPT UNPACKING pc=0x0000013c5f234422 sp=0x00000016a01fdd20 mode 2
Event: 29.025 Thread 0x0000013c79fe7c60 Uncommon trap: trap_request=0xffffffbe fr.pc=0x0000013c5ff81714 relative=0x0000000000001194
Event: 29.025 Thread 0x0000013c79fe7c60 Uncommon trap: reason=profile_predicate action=maybe_recompile pc=0x0000013c5ff81714 method=com.android.tools.r8.internal.os2.put(Ljava/lang/Object;Ljava/lang/Object;)Ljava/lang/Object; @ 92 c2
Event: 29.025 Thread 0x0000013c79fe7c60 DEOPT PACKING pc=0x0000013c5ff81714 sp=0x00000016a01fdd20
Event: 29.025 Thread 0x0000013c79fe7c60 DEOPT UNPACKING pc=0x0000013c5f234422 sp=0x00000016a01fdd20 mode 2
Event: 29.025 Thread 0x0000013c79fe7c60 Uncommon trap: trap_request=0xffffffbe fr.pc=0x0000013c5ff81714 relative=0x0000000000001194
Event: 29.025 Thread 0x0000013c79fe7c60 Uncommon trap: reason=profile_predicate action=maybe_recompile pc=0x0000013c5ff81714 method=com.android.tools.r8.internal.os2.put(Ljava/lang/Object;Ljava/lang/Object;)Ljava/lang/Object; @ 92 c2
Event: 29.025 Thread 0x0000013c79fe7c60 DEOPT PACKING pc=0x0000013c5ff81714 sp=0x00000016a01fdd20
Event: 29.025 Thread 0x0000013c79fe7c60 DEOPT UNPACKING pc=0x0000013c5f234422 sp=0x00000016a01fdd20 mode 2
Event: 29.025 Thread 0x0000013c79fe7c60 Uncommon trap: trap_request=0xffffffbe fr.pc=0x0000013c5ff81714 relative=0x0000000000001194
Event: 29.025 Thread 0x0000013c79fe7c60 Uncommon trap: reason=profile_predicate action=maybe_recompile pc=0x0000013c5ff81714 method=com.android.tools.r8.internal.os2.put(Ljava/lang/Object;Ljava/lang/Object;)Ljava/lang/Object; @ 92 c2
Event: 29.025 Thread 0x0000013c79fe7c60 DEOPT PACKING pc=0x0000013c5ff81714 sp=0x00000016a01fdd20
Event: 29.025 Thread 0x0000013c79fe7c60 DEOPT UNPACKING pc=0x0000013c5f234422 sp=0x00000016a01fdd20 mode 2
Event: 29.042 Thread 0x0000013c79fe5b90 Uncommon trap: trap_request=0xffffff45 fr.pc=0x0000013c5ff842ec relative=0x0000000000000eec
Event: 29.042 Thread 0x0000013c79fe5b90 Uncommon trap: reason=unstable_if action=reinterpret pc=0x0000013c5ff842ec method=java.util.concurrent.ConcurrentHashMap.putVal(Ljava/lang/Object;Ljava/lang/Object;Z)Ljava/lang/Object; @ 197 c2
Event: 29.042 Thread 0x0000013c79fe5b90 DEOPT PACKING pc=0x0000013c5ff842ec sp=0x000000169fdfe5c0
Event: 29.042 Thread 0x0000013c79fe5b90 DEOPT UNPACKING pc=0x0000013c5f234422 sp=0x000000169fdfe540 mode 2

Classes loaded (20 events):
Event: 28.260 Loading class java/util/zip/ZipException
Event: 28.261 Loading class java/util/zip/ZipException done
Event: 28.274 Loading class java/util/zip/ZipFile$ZipEntryIterator
Event: 28.274 Loading class java/util/zip/ZipFile$ZipEntryIterator done
Event: 28.277 Loading class java/util/zip/ZipOutputStream
Event: 28.277 Loading class java/util/zip/ZipOutputStream done
Event: 28.394 Loading class java/io/UTFDataFormatException
Event: 28.394 Loading class java/io/UTFDataFormatException done
Event: 28.485 Loading class java/util/stream/IntPipeline$1
Event: 28.486 Loading class java/util/stream/IntPipeline$1 done
Event: 28.486 Loading class java/util/stream/IntPipeline$1$1
Event: 28.486 Loading class java/util/stream/Sink$ChainedInt
Event: 28.487 Loading class java/util/stream/Sink$ChainedInt done
Event: 28.487 Loading class java/util/stream/IntPipeline$1$1 done
Event: 28.676 Loading class java/util/concurrent/ForkJoinTask$AdaptedInterruptibleCallable
Event: 28.676 Loading class java/util/concurrent/ForkJoinTask$InterruptibleTask
Event: 28.676 Loading class java/util/concurrent/ForkJoinTask$InterruptibleTask done
Event: 28.676 Loading class java/util/concurrent/ForkJoinTask$AdaptedInterruptibleCallable done
Event: 28.677 Loading class java/util/concurrent/ForkJoinPool$DefaultForkJoinWorkerThreadFactory$1
Event: 28.677 Loading class java/util/concurrent/ForkJoinPool$DefaultForkJoinWorkerThreadFactory$1 done

Classes unloaded (1 events):
Event: 26.587 Thread 0x0000013c6d9768b0 Unloading class 0x0000000800f92000 'java/lang/invoke/LambdaForm$MH+0x0000000800f92000'

Classes redefined (0 events):
No events

Internal exceptions (20 events):
Event: 28.788 Thread 0x0000013c79fe6220 Exception <a 'sun/nio/fs/WindowsException'{0x000000074c0d1fb0}> (0x000000074c0d1fb0) 
thrown [s\src\hotspot\share\prims\jni.cpp, line 537]
Event: 28.788 Thread 0x0000013c778bcfc0 Exception <a 'sun/nio/fs/WindowsException'{0x00000007fefa55c8}> (0x00000007fefa55c8) 
thrown [s\src\hotspot\share\prims\jni.cpp, line 537]
Event: 28.789 Thread 0x0000013c79fe6220 Exception <a 'sun/nio/fs/WindowsException'{0x000000074c16b9a8}> (0x000000074c16b9a8) 
thrown [s\src\hotspot\share\prims\jni.cpp, line 537]
Event: 28.789 Thread 0x0000013c778bcfc0 Exception <a 'sun/nio/fs/WindowsException'{0x000000074c14c208}> (0x000000074c14c208) 
thrown [s\src\hotspot\share\prims\jni.cpp, line 537]
Event: 28.791 Thread 0x0000013c778bcfc0 Exception <a 'sun/nio/fs/WindowsException'{0x000000074be2e288}> (0x000000074be2e288) 
thrown [s\src\hotspot\share\prims\jni.cpp, line 537]
Event: 28.791 Thread 0x0000013c79fe68b0 Exception <a 'sun/nio/fs/WindowsException'{0x000000074be44a80}> (0x000000074be44a80) 
thrown [s\src\hotspot\share\prims\jni.cpp, line 537]
Event: 28.793 Thread 0x0000013c79fe19f0 Exception <a 'sun/nio/fs/WindowsException'{0x000000074be6c3b8}> (0x000000074be6c3b8) 
thrown [s\src\hotspot\share\prims\jni.cpp, line 537]
Event: 28.793 Thread 0x0000013c778bbc10 Exception <a 'sun/nio/fs/WindowsException'{0x000000074be34a10}> (0x000000074be34a10) 
thrown [s\src\hotspot\share\prims\jni.cpp, line 537]
Event: 28.793 Thread 0x0000013c778bbc10 Exception <a 'sun/nio/fs/WindowsException'{0x000000074bed7990}> (0x000000074bed7990) 
thrown [s\src\hotspot\share\prims\jni.cpp, line 537]
Event: 28.793 Thread 0x0000013c79fe19f0 Exception <a 'sun/nio/fs/WindowsException'{0x000000074bed67e0}> (0x000000074bed67e0) 
thrown [s\src\hotspot\share\prims\jni.cpp, line 537]
Event: 28.794 Thread 0x0000013c79fe19f0 Exception <a 'sun/nio/fs/WindowsException'{0x000000074bee3628}> (0x000000074bee3628) 
thrown [s\src\hotspot\share\prims\jni.cpp, line 537]
Event: 28.795 Thread 0x0000013c778bbc10 Exception <a 'sun/nio/fs/WindowsException'{0x000000074bf5bef0}> (0x000000074bf5bef0) 
thrown [s\src\hotspot\share\prims\jni.cpp, line 537]
Event: 28.803 Thread 0x0000013c79fe68b0 Exception <a 'sun/nio/fs/WindowsException'{0x000000074bd516d8}> (0x000000074bd516d8) 
thrown [s\src\hotspot\share\prims\jni.cpp, line 537]
Event: 28.808 Thread 0x0000013c79fe68b0 Exception <a 'sun/nio/fs/WindowsException'{0x000000074bb162c8}> (0x000000074bb162c8) 
thrown [s\src\hotspot\share\prims\jni.cpp, line 537]
Event: 28.838 Thread 0x0000013c79fe75d0 Exception <a 'sun/nio/fs/WindowsException'{0x000000074aab3548}> (0x000000074aab3548) 
thrown [s\src\hotspot\share\prims\jni.cpp, line 537]
Event: 28.848 Thread 0x0000013c79fe6220 Exception <a 'sun/nio/fs/WindowsException'{0x000000074a61fb70}> (0x000000074a61fb70) 
thrown [s\src\hotspot\share\prims\jni.cpp, line 537]
Event: 28.872 Thread 0x0000013c79fe82f0 Exception <a 'sun/nio/fs/WindowsException'{0x0000000749b75380}> (0x0000000749b75380) 
thrown [s\src\hotspot\share\prims\jni.cpp, line 537]
Event: 28.889 Thread 0x0000013c79fe75d0 Exception <a 'sun/nio/fs/WindowsException'{0x000000074901eb50}> (0x000000074901eb50) 
thrown [s\src\hotspot\share\prims\jni.cpp, line 537]
Event: 28.974 Thread 0x0000013c79fe2080 Exception <a 'sun/nio/fs/WindowsException'{0x000000074a0f65d0}> (0x000000074a0f65d0) 
thrown [s\src\hotspot\share\prims\jni.cpp, line 537]
Event: 29.027 Thread 0x0000013c79fe68b0 Exception <a 'sun/nio/fs/WindowsException'{0x000000074bc7bbe8}> (0x000000074bc7bbe8) 
thrown [s\src\hotspot\share\prims\jni.cpp, line 537]

ZGC Phase Switch (0 events):
No events

VM Operations (20 events):
Event: 28.194 Executing safepoint VM operation: G1CollectForAllocation (G1 Evacuation Pause) done
Event: 28.263 Executing safepoint VM operation: G1TryInitiateConcMark (G1 Humongous Allocation)
Event: 28.266 Executing safepoint VM operation: G1TryInitiateConcMark (G1 Humongous Allocation) done
Event: 28.322 Executing safepoint VM operation: G1PauseRemark
Event: 28.327 Executing safepoint VM operation: G1PauseRemark done
Event: 28.364 Executing safepoint VM operation: G1PauseCleanup
Event: 28.365 Executing safepoint VM operation: G1PauseCleanup done
Event: 28.762 Executing safepoint VM operation: G1CollectForAllocation (G1 Evacuation Pause)
Event: 28.765 Executing safepoint VM operation: G1CollectForAllocation (G1 Evacuation Pause) done
Event: 28.902 Executing safepoint VM operation: G1CollectForAllocation (G1 Evacuation Pause)
Event: 28.902 Executing safepoint VM operation: G1CollectForAllocation (G1 Evacuation Pause) done
Event: 28.902 Executing safepoint VM operation: G1CollectForAllocation (GCLocker Initiated GC)
Event: 28.914 Executing safepoint VM operation: G1CollectForAllocation (GCLocker Initiated GC) done
Event: 28.989 Executing safepoint VM operation: G1CollectForAllocation (G1 Evacuation Pause)
Event: 28.990 Executing safepoint VM operation: G1CollectForAllocation (G1 Evacuation Pause) done
Event: 28.990 Executing safepoint VM operation: G1CollectForAllocation (GCLocker Initiated GC)
Event: 29.002 Executing safepoint VM operation: G1CollectForAllocation (GCLocker Initiated GC) done
Event: 29.065 Executing safepoint VM operation: G1CollectForAllocation (G1 Evacuation Pause)
Event: 29.065 Executing safepoint VM operation: G1CollectForAllocation (G1 Evacuation Pause) done
Event: 29.066 Executing safepoint VM operation: G1CollectForAllocation (GCLocker Initiated GC)

Memory protections (0 events):
No events

Nmethod flushes (20 events):
Event: 28.326 Thread 0x0000013c6d9768b0 flushing  nmethod 0x0000013c583cf510
Event: 28.326 Thread 0x0000013c6d9768b0 flushing  nmethod 0x0000013c583d0910
Event: 28.326 Thread 0x0000013c6d9768b0 flushing  nmethod 0x0000013c583d8890
Event: 28.326 Thread 0x0000013c6d9768b0 flushing  nmethod 0x0000013c583dd210
Event: 28.326 Thread 0x0000013c6d9768b0 flushing  nmethod 0x0000013c58481a90
Event: 28.326 Thread 0x0000013c6d9768b0 flushing  nmethod 0x0000013c58582890
Event: 28.326 Thread 0x0000013c6d9768b0 flushing  nmethod 0x0000013c58583a10
Event: 28.326 Thread 0x0000013c6d9768b0 flushing  nmethod 0x0000013c5869ed90
Event: 28.326 Thread 0x0000013c6d9768b0 flushing  nmethod 0x0000013c586d9d10
Event: 28.326 Thread 0x0000013c6d9768b0 flushing  nmethod 0x0000013c586dea10
Event: 28.326 Thread 0x0000013c6d9768b0 flushing  nmethod 0x0000013c5881d590
Event: 28.326 Thread 0x0000013c6d9768b0 flushing  nmethod 0x0000013c588d9090
Event: 28.326 Thread 0x0000013c6d9768b0 flushing  nmethod 0x0000013c589ad390
Event: 28.326 Thread 0x0000013c6d9768b0 flushing  nmethod 0x0000013c58a28010
Event: 28.326 Thread 0x0000013c6d9768b0 flushing  nmethod 0x0000013c58a9ef90
Event: 28.326 Thread 0x0000013c6d9768b0 flushing  nmethod 0x0000013c58bb2210
Event: 28.326 Thread 0x0000013c6d9768b0 flushing  nmethod 0x0000013c58ceef90
Event: 28.326 Thread 0x0000013c6d9768b0 flushing  nmethod 0x0000013c58e08d10
Event: 28.326 Thread 0x0000013c6d9768b0 flushing  nmethod 0x0000013c590b1190
Event: 28.326 Thread 0x0000013c6d9768b0 flushing  nmethod 0x0000013c590c6390

Events (20 events):
Event: 25.587 Thread 0x0000013c798dad30 Thread exited: 0x0000013c798dad30
Event: 26.281 Thread 0x0000013c6dcb0580 Thread added: 0x0000013c798dad30
Event: 26.762 Thread 0x0000013c798dad30 Thread exited: 0x0000013c798dad30
Event: 27.893 Thread 0x0000013c788f46d0 Thread added: 0x0000013c776e83d0
Event: 28.001 Thread 0x0000013c788f2600 Thread added: 0x0000013c776e7d40
Event: 28.002 Thread 0x0000013c6dcb0580 Thread added: 0x0000013c798dc870
Event: 28.095 Thread 0x0000013c788f3320 Thread added: 0x0000013c776e7020
Event: 28.135 Thread 0x0000013c788f3320 Thread added: 0x0000013c776e4f50
Event: 28.677 Thread 0x0000013c788f46d0 Thread added: 0x0000013c79fe19f0
Event: 28.678 Thread 0x0000013c79fe19f0 Thread added: 0x0000013c79fe5500
Event: 28.678 Thread 0x0000013c79fe5500 Thread added: 0x0000013c79fe2080
Event: 28.678 Thread 0x0000013c79fe2080 Thread added: 0x0000013c79fe5b90
Event: 28.678 Thread 0x0000013c79fe5b90 Thread added: 0x0000013c79fe6220
Event: 28.679 Thread 0x0000013c79fe6220 Thread added: 0x0000013c79fe68b0
Event: 28.679 Thread 0x0000013c79fe68b0 Thread added: 0x0000013c79fe6f40
Event: 28.679 Thread 0x0000013c79fe6f40 Thread added: 0x0000013c79fe7c60
Event: 28.679 Thread 0x0000013c79fe7c60 Thread added: 0x0000013c79fe75d0
Event: 28.680 Thread 0x0000013c79fe75d0 Thread added: 0x0000013c79fe82f0
Event: 28.680 Thread 0x0000013c79fe82f0 Thread added: 0x0000013c778bcfc0
Event: 28.680 Thread 0x0000013c778bcfc0 Thread added: 0x0000013c778bbc10


Dynamic libraries:
0x00007ff706de0000 - 0x00007ff706dea000 	C:\Program Files\Android\Android Studio\jbr\bin\java.exe
0x00007ffd4de20000 - 0x00007ffd4e086000 	C:\WINDOWS\SYSTEM32\ntdll.dll
0x00007ffd4ca40000 - 0x00007ffd4cb09000 	C:\WINDOWS\System32\KERNEL32.DLL
0x00007ffd4b410000 - 0x00007ffd4b80a000 	C:\WINDOWS\System32\KERNELBASE.dll
0x00007ffd4b990000 - 0x00007ffd4badc000 	C:\WINDOWS\System32\ucrtbase.dll
0x00007ffd3a470000 - 0x00007ffd3a48b000 	C:\Program Files\Android\Android Studio\jbr\bin\VCRUNTIME140.dll
0x00007ffd3a850000 - 0x00007ffd3a868000 	C:\Program Files\Android\Android Studio\jbr\bin\jli.dll
0x00007ffd4cce0000 - 0x00007ffd4cea7000 	C:\WINDOWS\System32\USER32.dll
0x00007ffd35aa0000 - 0x00007ffd35d32000 	C:\WINDOWS\WinSxS\amd64_microsoft.windows.common-controls_6595b64144ccf1df_6.0.26100.8521_none_3e08b75ce33403b3\COMCTL32.dll
0x00007ffd4b0b0000 - 0x00007ffd4b0d7000 	C:\WINDOWS\System32\win32u.dll
0x00007ffd4bbf0000 - 0x00007ffd4bc99000 	C:\WINDOWS\System32\msvcrt.dll
0x00007ffd4d4e0000 - 0x00007ffd4d50b000 	C:\WINDOWS\System32\GDI32.dll
0x00007ffd4b220000 - 0x00007ffd4b34b000 	C:\WINDOWS\System32\gdi32full.dll
0x00007ffd4b0e0000 - 0x00007ffd4b183000 	C:\WINDOWS\System32\msvcp_win.dll
0x00007ffd4dce0000 - 0x00007ffd4dd12000 	C:\WINDOWS\System32\IMM32.DLL
0x00007ffd27f10000 - 0x00007ffd28002000 	C:\Program Files\Windhawk\Engine\1.6.1\64\windhawk.dll
0x00007ffd4dd20000 - 0x00007ffd4ddd6000 	C:\WINDOWS\System32\ADVAPI32.dll
0x00007ffd4c750000 - 0x00007ffd4c7fa000 	C:\WINDOWS\System32\sechost.dll
0x00007ffd4d3b0000 - 0x00007ffd4d4c8000 	C:\WINDOWS\System32\RPCRT4.dll
0x00007ffd3a460000 - 0x00007ffd3a46c000 	C:\Program Files\Android\Android Studio\jbr\bin\vcruntime140_1.dll
0x00007ffd03490000 - 0x00007ffd0351d000 	C:\Program Files\Android\Android Studio\jbr\bin\msvcp140.dll
0x00007ffcc2140000 - 0x00007ffcc2dd6000 	C:\Program Files\Android\Android Studio\jbr\bin\server\jvm.dll
0x00007ffd4cb90000 - 0x00007ffd4cc10000 	C:\WINDOWS\System32\WS2_32.dll
0x00007ffd4af10000 - 0x00007ffd4af6e000 	C:\WINDOWS\SYSTEM32\POWRPROF.dll
0x00007ffd42ca0000 - 0x00007ffd42cd6000 	C:\WINDOWS\SYSTEM32\WINMM.dll
0x00007ffd35d40000 - 0x00007ffd35d4b000 	C:\WINDOWS\SYSTEM32\VERSION.dll
0x00007ffd4aef0000 - 0x00007ffd4af04000 	C:\WINDOWS\SYSTEM32\UMPDC.dll
0x00007ffd49e40000 - 0x00007ffd49e5b000 	C:\WINDOWS\SYSTEM32\kernel.appcore.dll
0x00007ffd39830000 - 0x00007ffd3983a000 	C:\Program Files\Android\Android Studio\jbr\bin\jimage.dll
0x00007ffd48410000 - 0x00007ffd48652000 	C:\WINDOWS\SYSTEM32\DBGHELP.DLL
0x00007ffd4c020000 - 0x00007ffd4c3a3000 	C:\WINDOWS\System32\combase.dll
0x00007ffd4c800000 - 0x00007ffd4c8d9000 	C:\WINDOWS\System32\OLEAUT32.dll
0x00007ffd37380000 - 0x00007ffd373bb000 	C:\WINDOWS\SYSTEM32\dbgcore.DLL
0x00007ffd4bae0000 - 0x00007ffd4bb88000 	C:\WINDOWS\System32\bcryptPrimitives.dll
0x00007ffd3a5a0000 - 0x00007ffd3a5ae000 	C:\Program Files\Android\Android Studio\jbr\bin\instrument.dll
0x00007ffd39810000 - 0x00007ffd39830000 	C:\Program Files\Android\Android Studio\jbr\bin\java.dll
0x00007ffd38660000 - 0x00007ffd38678000 	C:\Program Files\Android\Android Studio\jbr\bin\zip.dll
0x00007ffd4d520000 - 0x00007ffd4dca4000 	C:\WINDOWS\System32\SHELL32.dll
0x00007ffd48c90000 - 0x00007ffd49510000 	C:\WINDOWS\SYSTEM32\windows.storage.dll
0x00007ffd4c3b0000 - 0x00007ffd4c4a6000 	C:\WINDOWS\System32\SHCORE.dll
0x00007ffd4d340000 - 0x00007ffd4d3a7000 	C:\WINDOWS\System32\shlwapi.dll
0x00007ffd4afd0000 - 0x00007ffd4aff9000 	C:\WINDOWS\SYSTEM32\profapi.dll
0x00007ffd396c0000 - 0x00007ffd396d0000 	C:\Program Files\Android\Android Studio\jbr\bin\net.dll
0x00007ffd42980000 - 0x00007ffd42aa9000 	C:\WINDOWS\SYSTEM32\WINHTTP.dll
0x00007ffd4a3b0000 - 0x00007ffd4a41c000 	C:\WINDOWS\system32\mswsock.dll
0x00007ffd38340000 - 0x00007ffd38356000 	C:\Program Files\Android\Android Studio\jbr\bin\nio.dll
0x00007ffd37f90000 - 0x00007ffd37fa0000 	C:\Program Files\Android\Android Studio\jbr\bin\verify.dll
0x00007ffd37600000 - 0x00007ffd37627000 	C:\Users\delos\.gradle\native\660c5614fbf4a5f2a75b1949f50a0caf5cd603558e7d8a26e50b933a0cfb79d1\windows-amd64\native-platform.dll
0x00007ffd09be0000 - 0x00007ffd09c57000 	C:\Users\delos\.gradle\native\0.2.8\x86_64-windows-gnu\gradle-fileevents.dll
0x00007ffd384f0000 - 0x00007ffd384f9000 	C:\Program Files\Android\Android Studio\jbr\bin\management.dll
0x00007ffd38330000 - 0x00007ffd3833b000 	C:\Program Files\Android\Android Studio\jbr\bin\management_ext.dll
0x00007ffd4c6b0000 - 0x00007ffd4c6b8000 	C:\WINDOWS\System32\PSAPI.DLL
0x00007ffd49980000 - 0x00007ffd499b3000 	C:\WINDOWS\SYSTEM32\IPHLPAPI.DLL
0x00007ffd4d510000 - 0x00007ffd4d51a000 	C:\WINDOWS\System32\NSI.dll
0x00007ffd38540000 - 0x00007ffd38549000 	C:\Program Files\Android\Android Studio\jbr\bin\extnet.dll
0x00007ffd4a690000 - 0x00007ffd4a6ab000 	C:\WINDOWS\SYSTEM32\CRYPTSP.dll
0x00007ffd49da0000 - 0x00007ffd49dd9000 	C:\WINDOWS\system32\rsaenh.dll
0x00007ffd4a460000 - 0x00007ffd4a493000 	C:\WINDOWS\SYSTEM32\USERENV.dll
0x00007ffd4afa0000 - 0x00007ffd4afca000 	C:\WINDOWS\SYSTEM32\bcrypt.dll
0x00007ffd4a6b0000 - 0x00007ffd4a6bc000 	C:\WINDOWS\SYSTEM32\CRYPTBASE.dll
0x00007ffd392d0000 - 0x00007ffd392d8000 	C:\WINDOWS\system32\wshunix.dll
0x00007ffd49f60000 - 0x00007ffd49f96000 	C:\WINDOWS\SYSTEM32\ntmarta.dll

JVMTI agents:
C:\Users\delos\.gradle\wrapper\dists\gradle-9.4.1-bin\arn2x92ynaizyzdaamcbpbhtj\gradle-9.4.1\lib\agents\gradle-instrumentation-agent-9.4.1.jar path:C:\Program Files\Android\Android Studio\jbr\bin\instrument.dll, loaded, initialized, instrumentlib options:none

dbghelp: loaded successfully - version: 4.0.5 - missing functions: none
symbol engine: initialized successfully - sym options: 0x614 - pdb path: .;C:\Program Files\Android\Android Studio\jbr\bin;C:\WINDOWS\SYSTEM32;C:\WINDOWS\WinSxS\amd64_microsoft.windows.common-controls_6595b64144ccf1df_6.0.26100.8521_none_3e08b75ce33403b3;C:\Program Files\Windhawk\Engine\1.6.1\64;C:\Program Files\Android\Android Studio\jbr\bin\server;C:\Users\delos\.gradle\native\660c5614fbf4a5f2a75b1949f50a0caf5cd603558e7d8a26e50b933a0cfb79d1\windows-amd64;C:\Users\delos\.gradle\native\0.2.8\x86_64-windows-gnu

VM Arguments:
jvm_args: --add-opens=java.base/java.lang=ALL-UNNAMED --add-opens=java.base/java.lang.invoke=ALL-UNNAMED --add-opens=java.base/java.util=ALL-UNNAMED --add-opens=java.prefs/java.util.prefs=ALL-UNNAMED --add-exports=jdk.compiler/com.sun.tools.javac.api=ALL-UNNAMED --add-exports=jdk.compiler/com.sun.tools.javac.util=ALL-UNNAMED --add-opens=java.base/java.util=ALL-UNNAMED --add-opens=java.prefs/java.util.prefs=ALL-UNNAMED --add-opens=java.base/java.nio.charset=ALL-UNNAMED --add-opens=java.base/java.net=ALL-UNNAMED --add-opens=java.base/java.util.concurrent=ALL-UNNAMED --add-opens=java.base/java.util.concurrent.atomic=ALL-UNNAMED --add-opens=java.xml/javax.xml.namespace=ALL-UNNAMED --add-opens=java.base/java.time=ALL-UNNAMED -Xmx3072m -Dfile.encoding=UTF-8 -Duser.country=US -Duser.language=en -Duser.variant -javaagent:C:\Users\delos\.gradle\wrapper\dists\gradle-9.4.1-bin\arn2x92ynaizyzdaamcbpbhtj\gradle-9.4.1\lib\agents\gradle-instrumentation-agent-9.4.1.jar 
java_command: org.gradle.launcher.daemon.bootstrap.GradleDaemon 9.4.1
java_class_path (initial): C:\Users\delos\.gradle\wrapper\dists\gradle-9.4.1-bin\arn2x92ynaizyzdaamcbpbhtj\gradle-9.4.1\lib\gradle-daemon-main-9.4.1.jar
Launcher Type: SUN_STANDARD

[Global flags]
     intx CICompilerCount                          = 4                                         {product} {ergonomic}
     uint ConcGCThreads                            = 3                                         {product} {ergonomic}
     uint G1ConcRefinementThreads                  = 10                                        {product} {ergonomic}
   size_t G1HeapRegionSize                         = 2097152                                   {product} {ergonomic}
    uintx GCDrainStackTargetSize                   = 64                                        {product} {ergonomic}
   size_t InitialHeapSize                          = 132120576                                 {product} {ergonomic}
   size_t MarkStackSize                            = 4194304                                   {product} {ergonomic}
   size_t MaxHeapSize                              = 3221225472                                {product} {command line}
   size_t MaxNewSize                               = 1931476992                                {product} {ergonomic}
   size_t MinHeapDeltaBytes                        = 2097152                                   {product} {ergonomic}
   size_t MinHeapSize                              = 8388608                                   {product} {ergonomic}
    uintx NonNMethodCodeHeapSize                   = 5839372                                {pd product} {ergonomic}
    uintx NonProfiledCodeHeapSize                  = 122909434                              {pd product} {ergonomic}
    uintx ProfiledCodeHeapSize                     = 122909434                              {pd product} {ergonomic}
    uintx ReservedCodeCacheSize                    = 251658240                              {pd product} {ergonomic}
     bool SegmentedCodeCache                       = true                                      {product} {ergonomic}
   size_t SoftMaxHeapSize                          = 3221225472                             {manageable} {ergonomic}
     bool UseCompressedOops                        = true                           {product lp64_product} {ergonomic}
     bool UseG1GC                                  = true                                      {product} {ergonomic}
     bool UseLargePagesIndividualAllocation        = false                                  {pd product} {ergonomic}

Logging:
Log output configuration:
 #0: stdout all=warning uptime,level,tags foldmultilines=false
 #1: stderr all=off uptime,level,tags foldmultilines=false

Release file:
JAVA_VERSION="21.0.10" 
MODULES="java.base java.compiler java.datatransfer java.xml java.prefs java.desktop java.instrument java.logging java.management java.security.sasl java.naming java.rmi java.management.rmi java.net.http java.scripting java.security.jgss java.transaction.xa java.sql java.sql.rowset java.xml.crypto java.se java.smartcardio jdk.accessibility jdk.internal.jvmstat jdk.attach jdk.charsets jdk.internal.opt jdk.zipfs jdk.compiler jdk.crypto.ec jdk.crypto.cryptoki jdk.dynalink jdk.hotspot.agent jdk.httpserver jdk.internal.ed jdk.internal.le jdk.internal.vm.ci jdk.jartool jdk.javadoc jdk.jcmd jdk.jdeps jdk.jdwp.agent jdk.jdi jdk.jfr jdk.jlink jdk.jsobject jdk.localedata jdk.management jdk.management.agent jdk.management.jfr jdk.naming.dns jdk.naming.rmi jdk.net jdk.sctp jdk.security.auth jdk.security.jgss jdk.unsupported jdk.unsupported.desktop jdk.xml.dom" 
IMPLEMENTOR="JetBrains s.r.o." 
JAVA_RUNTIME_VERSION="21.0.10+-14961533-b1163.108" 
LIBC="default" 
OS_ARCH="x86_64" 
OS_NAME="Windows" 
SOURCE=".:git:1351622c2ff2" 

Environment Variables:
PATH=C:\Program Files (x86)\Common Files\Oracle\Java\javapath;C:\WINDOWS\system32;C:\WINDOWS;C:\WINDOWS\System32\Wbem;C:\WINDOWS\System32\WindowsPowerShell\v1.0\;C:\WINDOWS\System32\OpenSSH\;C:\Program Files\dotnet\;C:\Program Files\nodejs\;C:\Program Files\Microsoft SQL Server\150\Tools\Binn\;C:\Program Files\Microsoft SQL Server\Client SDK\ODBC\170\Tools\Binn\;C:\ProgramData\ComposerSetup\bin;C:\Program Files\PuTTY\;C:\Program Files\Git\cmd;C:\Users\delos\AppData\Local\Microsoft\WindowsApps;C:\Users\delos\AppData\Local\Programs\Microsoft VS Code\bin;C:\laragon\bin\php\php-8.1.10-Win32-vs16-x64\;C:\Users\delos\AppData\Roaming\npm;C:\Users\delos\.dotnet\tools;C:\Users\delos\AppData\Roaming\Composer\vendor\bin;C:\Users\delos\AppData\Local\Microsoft\WinGet\Links;C:\Users\delos\AppData\Local\Microsoft\WinGet\Packages\yt-dlp.FFmpeg_Microsoft.Winget.Source_8wekyb3d8bbwe\ffmpeg-N-123074-g4e32fb4c2a-win64-gpl/bin;;C:\Users\delos\AppData\Local\Programs\Ollama
USERNAME=delos
OS=Windows_NT
PROCESSOR_IDENTIFIER=Intel64 Family 6 Model 154 Stepping 4, GenuineIntel
TMP=C:\Users\delos\AppData\Local\Temp
TEMP=C:\Users\delos\AppData\Local\Temp




Periodic native trim disabled

JNI global refs:
JNI global refs: 30, weak refs: 57

JNI global refs memory usage: 835, weak refs: 1465

Process memory usage:
Resident Set Size: 507408K (6% of 8208784K total physical memory with 514700K free physical memory)

OOME stack traces (most recent first):
Classloader memory used:
Loader org.gradle.internal.classloader.VisitableURLClassLoader                         : 46379K
Loader org.gradle.internal.classloader.VisitableURLClassLoader$InstrumentingVisitableURLClassLoader: 39248K
Loader bootstrap                                                                       : 29825K
Loader org.gradle.initialization.MixInLegacyTypesClassLoader                           : 13403K
Loader jdk.internal.reflect.DelegatingClassLoader                                      : 459K
Loader org.gradle.internal.classloader.VisitableURLClassLoader                         : 247K
Loader jdk.internal.loader.ClassLoaders$AppClassLoader                                 : 197K
Loader org.gradle.groovy.scripts.internal.DefaultScriptCompilationHandler$ScriptClassLoader: 159K
Loader jdk.internal.loader.ClassLoaders$PlatformClassLoader                            : 149K
Loader sun.reflect.misc.MethodUtil                                                     : 2984B

Classes loaded by more than one classloader:
Class Program                                                                         : loaded 5 times (x 72B)
Class Build_gradle                                                                    : loaded 3 times (x 126B)
Class com.google.common.collect.RegularImmutableMap$KeySet                            : loaded 2 times (x 152B)
Class org.gradle.internal.classloader.FilteringClassLoader                            : loaded 2 times (x 105B)
Class [Lcom.google.common.collect.MapMakerInternalMap$Segment;                        : loaded 2 times (x 69B)
Class com.google.common.io.FileWriteMode                                              : loaded 2 times (x 79B)
Class [Lcom.google.common.base.AbstractIterator$State;                                : loaded 2 times (x 69B)
Class com.google.common.base.CharMatcher$IsEither                                     : loaded 2 times (x 111B)
Class org.gradle.internal.classloader.ClassLoaderHierarchy                            : loaded 2 times (x 70B)
Class com.google.common.collect.AbstractMapBasedMultimap$WrappedCollection            : loaded 2 times (x 124B)
Class com.google.common.collect.ImmutableEnumSet                                      : loaded 2 times (x 146B)
Class com.google.common.util.concurrent.ExecutionError                                : loaded 2 times (x 82B)
Class com.google.common.collect.ImmutableList$1                                       : loaded 2 times (x 97B)
Class com.google.common.collect.RegularImmutableMap                                   : loaded 2 times (x 121B)
Class com.google.common.collect.ImmutableMap$MapViewOfValuesAsSingletonSets           : loaded 2 times (x 126B)
Class com.google.common.collect.TransformedListIterator                               : loaded 2 times (x 93B)
Class [Lorg.objectweb.asm.Symbol;                                                     : loaded 2 times (x 69B)
Class org.objectweb.asm.ClassVisitor                                                  : loaded 2 times (x 88B)
Class com.google.common.collect.UnmodifiableListIterator                              : loaded 2 times (x 95B)
Class com.google.common.collect.MapMakerInternalMap$StrongKeyDummyValueEntry$LinkedStrongKeyDummyValueEntry: loaded 2 times (x 82B)
Class com.google.common.collect.MapMakerInternalMap$Strength                          : loaded 2 times (x 80B)
Class com.google.common.base.Platform$JdkPatternCompiler                              : loaded 2 times (x 75B)
Class org.objectweb.asm.MethodTooLargeException                                       : loaded 2 times (x 83B)
Class [Lcom.google.common.cache.CacheBuilder$OneWeigher;                              : loaded 2 times (x 69B)
Class com.google.common.base.Suppliers                                                : loaded 2 times (x 71B)
Class ijJvmDebugger1_cao8232z4ije7eb1wldzzfxxs$_run_closure1                          : loaded 2 times (x 139B)
Class org.gradle.internal.classloader.DefaultClassLoaderFactory                       : loaded 2 times (x 82B)
Class com.google.common.base.CharMatcher$None                                         : loaded 2 times (x 112B)
Class org.apache.http.client.methods.HttpUriRequest                                   : loaded 2 times (x 70B)
Class org.gradle.internal.classloader.ClassLoaderVisitor                              : loaded 2 times (x 76B)
Class [Lcom.google.common.collect.ImmutableMapEntry;                                  : loaded 2 times (x 69B)
Class com.google.common.collect.ListMultimap                                          : loaded 2 times (x 70B)
Class com.google.common.collect.ImmutableEnumMap                                      : loaded 2 times (x 126B)
Class com.google.common.collect.Iterators$EmptyModifiableIterator                     : loaded 2 times (x 86B)
Class com.google.common.base.Splitter                                                 : loaded 2 times (x 72B)
Class com.google.common.collect.Sets$1                                                : loaded 2 times (x 139B)
Class org.objectweb.asm.AnnotationVisitor                                             : loaded 2 times (x 78B)
Class org.gradle.api.internal.DefaultClassPathProvider                                : loaded 2 times (x 76B)
Class com.google.common.collect.MapMakerInternalMap$Strength$1                        : loaded 2 times (x 80B)
Class com.google.common.collect.Maps$ViewCachingAbstractMap                           : loaded 2 times (x 125B)
Class com.google.common.collect.Sets$2                                                : loaded 2 times (x 139B)
Class [Lorg.gradle.api.internal.ClassPathProvider;                                    : loaded 2 times (x 69B)
Class org.gradle.api.internal.ClassPathProvider                                       : loaded 2 times (x 70B)
Class com.google.common.collect.MapMakerInternalMap$Strength$2                        : loaded 2 times (x 80B)
Class com.google.common.base.AbstractIterator$State                                   : loaded 2 times (x 79B)
Class [Lorg.objectweb.asm.AnnotationVisitor;                                          : loaded 2 times (x 69B)
Class com.google.common.collect.Sets$3                                                : loaded 2 times (x 139B)
Class com.google.common.cache.LocalCache$LocalLoadingCache                            : loaded 2 times (x 134B)
Class org.gradle.internal.service.UnknownServiceException                             : loaded 2 times (x 83B)
Class com.google.common.collect.MapMakerInternalMap$StrongValueEntry                  : loaded 2 times (x 70B)
Class com.google.common.collect.Sets$4                                                : loaded 2 times (x 139B)
Class org.objectweb.asm.ModuleVisitor                                                 : loaded 2 times (x 81B)
Class com.google.common.cache.LocalCache$Strength$1                                   : loaded 2 times (x 81B)
Class com.google.common.util.concurrent.SettableFuture                                : loaded 2 times (x 114B)
Class com.google.common.cache.LocalCache$Strength$2                                   : loaded 2 times (x 81B)
Class com.google.common.collect.Interners$InternerImpl                                : loaded 2 times (x 75B)
Class com.google.common.collect.Interner                                              : loaded 2 times (x 70B)
Class com.google.common.collect.TransformedIterator                                   : loaded 2 times (x 80B)
Class com.google.common.base.Splitter$1                                               : loaded 2 times (x 77B)
Class com.google.common.cache.LocalCache$Strength$3                                   : loaded 2 times (x 81B)
Class com.google.common.collect.MapDifference                                         : loaded 2 times (x 70B)
Class com.google.common.collect.MapMaker$Dummy                                        : loaded 2 times (x 79B)
Class org.apache.http.HttpMessage                                                     : loaded 2 times (x 70B)
Class org.objectweb.asm.FieldWriter                                                   : loaded 2 times (x 78B)
Class com.google.common.cache.CacheBuilder$NullListener                               : loaded 2 times (x 82B)
Class org.gradle.internal.classpath.TransformedClassPath                              : loaded 2 times (x 96B)
Class org.gradle.internal.classloader.InstrumentingClassLoader                        : loaded 2 times (x 70B)
Class com.google.common.base.Equivalence$Identity                                     : loaded 2 times (x 82B)
Class com.google.common.collect.Iterators$ArrayItr                                    : loaded 2 times (x 97B)
Class com.google.common.collect.ImmutableCollection$Builder                           : loaded 2 times (x 76B)
Class ijKotlinCoroutineJvmDebugInit1_4wmeci4zepf39r1twk8ogib22                        : loaded 2 times (x 171B)
Class com.google.common.base.Joiner                                                   : loaded 2 times (x 79B)
Class com.google.common.base.MoreObjects                                              : loaded 2 times (x 71B)
Class com.google.common.collect.Platform                                              : loaded 2 times (x 71B)
Class [Lorg.objectweb.asm.Type;                                                       : loaded 2 times (x 69B)
Class com.google.common.collect.UnmodifiableIterator                                  : loaded 2 times (x 80B)
Class org.gradle.internal.service.ServiceLocator                                      : loaded 2 times (x 70B)
Class com.google.common.base.Ascii                                                    : loaded 2 times (x 71B)
Class com.google.common.cache.LocalCache$1                                            : loaded 2 times (x 89B)
Class com.google.common.collect.SingletonImmutableBiMap                               : loaded 2 times (x 143B)
Class com.google.common.collect.Iterators$SingletonIterator                           : loaded 2 times (x 81B)
Class com.google.common.collect.AbstractMapEntry                                      : loaded 2 times (x 81B)
Class com.google.common.collect.AbstractSetMultimap                                   : loaded 2 times (x 174B)
Class com.google.common.collect.MapMakerInternalMap$AbstractStrongKeyEntry            : loaded 2 times (x 80B)
Class com.google.common.collect.Sets$ImprovedAbstractSet                              : loaded 2 times (x 135B)
Class com.google.common.collect.ImmutableList$Builder                                 : loaded 2 times (x 77B)
Class com.google.common.collect.AbstractMultimap                                      : loaded 2 times (x 123B)
Class com.google.common.cache.LocalCache$2                                            : loaded 2 times (x 142B)
Class com.google.common.collect.RegularImmutableAsList                                : loaded 2 times (x 217B)
Class com.google.common.util.concurrent.AbstractFuture$Trusted                        : loaded 2 times (x 70B)
Class com.google.common.collect.Iterators                                             : loaded 2 times (x 71B)
Class com.google.common.io.ByteSink$AsCharSink                                        : loaded 2 times (x 80B)
Class com.google.common.collect.Lists$StringAsImmutableList                           : loaded 2 times (x 207B)
Class com.google.common.util.concurrent.UncheckedExecutionException                   : loaded 2 times (x 82B)
Class org.gradle.kotlin.dsl.VersionCatalogAccessorsKt                                 : loaded 2 times (x 71B)
Class com.google.common.collect.HashMultimapGwtSerializationDependencies              : loaded 2 times (x 174B)
Class com.google.common.collect.AbstractMapBasedMultimap$KeySet$1                     : loaded 2 times (x 82B)
Class org.objectweb.asm.ClassWriter                                                   : loaded 2 times (x 106B)
Class com.google.common.base.CharMatcher$And                                          : loaded 2 times (x 112B)
Class com.google.common.cache.CacheLoader$UnsupportedLoadingOperationException        : loaded 2 times (x 82B)
Class com.google.common.base.Objects                                                  : loaded 2 times (x 71B)
Class org.objectweb.asm.FieldVisitor                                                  : loaded 2 times (x 77B)
Class com.google.common.collect.IndexedImmutableSet                                   : loaded 2 times (x 152B)
Class com.google.common.collect.ImmutableMap$1                                        : loaded 2 times (x 81B)
Class com.google.common.collect.BiMap                                                 : loaded 2 times (x 70B)
Class org.gradle.api.internal.classpath.DefaultModuleRegistry$DefaultModule           : loaded 2 times (x 82B)
Class com.google.common.primitives.Ints                                               : loaded 2 times (x 71B)
Class com.google.common.collect.AbstractIterator                                      : loaded 2 times (x 82B)
Class com.google.common.collect.ObjectArrays                                          : loaded 2 times (x 71B)
Class com.google.common.math.MathPreconditions                                        : loaded 2 times (x 71B)
Class com.google.common.collect.Multiset                                              : loaded 2 times (x 70B)
Class com.google.common.collect.ArrayListMultimapGwtSerializationDependencies         : loaded 2 times (x 172B)
Class com.google.common.collect.AbstractIndexedListIterator                           : loaded 2 times (x 96B)
Class com.google.common.collect.ImmutableMapEntrySet                                  : loaded 2 times (x 152B)
Class org.gradle.api.internal.classpath.Module                                        : loaded 2 times (x 70B)
Class com.google.common.cache.Weigher                                                 : loaded 2 times (x 70B)
Class org.gradle.api.internal.classpath.UnknownModuleException                        : loaded 2 times (x 82B)
Class com.google.common.base.Stopwatch                                                : loaded 2 times (x 72B)
Class com.google.common.cache.LocalCache$Strength                                     : loaded 2 times (x 81B)
Class com.google.common.cache.Cache                                                   : loaded 2 times (x 70B)
Class com.google.common.base.NullnessCasts                                            : loaded 2 times (x 71B)
Class com.google.common.util.concurrent.AbstractFuture$Cancellation                   : loaded 2 times (x 72B)
Class com.google.common.collect.ImmutableMap$Builder                                  : loaded 2 times (x 82B)
Class com.google.common.collect.AbstractMapBasedMultimap$WrappedCollection$WrappedIterator: loaded 2 times (x 84B)
Class com.google.common.base.Throwables                                               : loaded 2 times (x 71B)
Class com.google.common.cache.RemovalListener                                         : loaded 2 times (x 70B)
Class ijKotlinCoroutineJvmDebugInit1_4wmeci4zepf39r1twk8ogib22$_run_closure1          : loaded 2 times (x 139B)
Class org.gradle.api.internal.DefaultClassPathRegistry                                : loaded 2 times (x 76B)
Class com.google.common.primitives.IntsMethodsForWeb                                  : loaded 2 times (x 71B)
Class com.google.common.collect.Multimap                                              : loaded 2 times (x 70B)
Class org.gradle.internal.classpath.DefaultClassPath$ImmutableUniqueList              : loaded 2 times (x 199B)
Class org.gradle.api.internal.ClassPathRegistry                                       : loaded 2 times (x 70B)
Class com.google.common.collect.MapMakerInternalMap$Segment                           : loaded 2 times (x 142B)
Class com.google.common.base.ExtraObjectsMethodsForWeb                                : loaded 2 times (x 71B)
Class com.google.common.cache.CacheLoader$FunctionToCacheLoader                       : loaded 2 times (x 75B)
Class com.google.common.io.ByteSink                                                   : loaded 2 times (x 76B)
Class com.google.common.cache.CacheBuilder                                            : loaded 2 times (x 72B)
Class com.google.common.collect.SingletonImmutableList                                : loaded 2 times (x 207B)
Class Settings_gradle$1                                                               : loaded 2 times (x 74B)
Class org.gradle.internal.classpath.ClassPath                                         : loaded 2 times (x 70B)
Class com.google.common.collect.Interners$InternerBuilder                             : loaded 2 times (x 76B)
Class com.google.common.io.Files$FileByteSource                                       : loaded 2 times (x 85B)
Class com.google.common.base.JdkPattern                                               : loaded 2 times (x 75B)
Class com.google.common.collect.ImmutableList$ReverseImmutableList                    : loaded 2 times (x 209B)
Class org.objectweb.asm.SymbolTable$Entry                                             : loaded 2 times (x 74B)
Class org.gradle.api.internal.classpath.DefaultModuleRegistry$DefaultModuleAlias      : loaded 2 times (x 80B)
Class org.gradle.internal.Factory                                                     : loaded 2 times (x 70B)
Class org.objectweb.asm.Edge                                                          : loaded 2 times (x 72B)
Class com.google.common.base.Suppliers$SupplierOfInstance                             : loaded 2 times (x 79B)
Class com.google.common.collect.Iterators$1                                           : loaded 2 times (x 81B)
Class ijKotlinCoroutineJvmDebugInit1_4wmeci4zepf39r1twk8ogib22$_run_closure1$_closure2: loaded 2 times (x 139B)
Class com.google.common.cache.LocalCache$ComputingValueReference                      : loaded 2 times (x 96B)
Class com.google.common.collect.SingletonImmutableSet                                 : loaded 2 times (x 146B)
Class com.google.common.collect.ImmutableMap$IteratorBasedImmutableMap                : loaded 2 times (x 126B)
Class com.google.common.cache.LocalCache$Segment                                      : loaded 2 times (x 154B)
Class com.google.common.collect.AbstractListMultimap                                  : loaded 2 times (x 172B)
Class [Lorg.objectweb.asm.SymbolTable$Entry;                                          : loaded 2 times (x 69B)
Class com.google.common.cache.CacheLoader                                             : loaded 2 times (x 74B)
Class com.google.common.collect.Iterators$4                                           : loaded 2 times (x 82B)
Class com.google.common.collect.ImmutableBiMap                                        : loaded 2 times (x 143B)
Class org.gradle.api.internal.classpath.ModuleRegistry                                : loaded 2 times (x 70B)
Class org.gradle.internal.installation.GradleInstallation$1                           : loaded 2 times (x 75B)
Class com.google.common.base.Splitter$SplittingIterator                               : loaded 2 times (x 84B)
Class com.google.common.collect.ImmutableSet$JdkBackedSetBuilderImpl                  : loaded 2 times (x 76B)
Class com.google.common.util.concurrent.internal.InternalFutureFailureAccess          : loaded 2 times (x 72B)
Class com.google.common.collect.Iterators$5                                           : loaded 2 times (x 82B)
Class com.google.common.base.CharMatcher$ForPredicate                                 : loaded 2 times (x 112B)
Class com.google.common.cache.LocalCache$LocalManualCache$1                           : loaded 2 times (x 75B)
Class com.google.common.base.CharMatcher$AnyOf                                        : loaded 2 times (x 112B)
Class com.google.common.collect.ImmutableCollection                                   : loaded 2 times (x 125B)
Class org.gradle.api.internal.classpath.DefaultModuleRegistry                         : loaded 2 times (x 84B)
Class com.google.common.collect.Lists                                                 : loaded 2 times (x 71B)
Class com.google.common.util.concurrent.ListenableFuture                              : loaded 2 times (x 70B)
Class com.google.common.cache.ReferenceEntry                                          : loaded 2 times (x 70B)
Class com.google.common.base.Converter                                                : loaded 2 times (x 90B)
Class com.google.common.collect.ImmutableSet$CachingAsList                            : loaded 2 times (x 148B)
Class com.google.common.collect.AbstractMapBasedMultimap                              : loaded 2 times (x 139B)
Class com.google.common.util.concurrent.AbstractFuture                                : loaded 2 times (x 106B)
Class com.google.common.base.FunctionalEquivalence                                    : loaded 2 times (x 83B)
Class com.google.common.collect.Iterators$9                                           : loaded 2 times (x 81B)
Class com.google.common.collect.ImmutableAsList                                       : loaded 2 times (x 209B)
Class org.objectweb.asm.RecordComponentVisitor                                        : loaded 2 times (x 77B)
Class com.google.common.cache.CacheLoader$SupplierToCacheLoader                       : loaded 2 times (x 75B)
Class com.google.common.collect.Maps$EntryTransformer                                 : loaded 2 times (x 70B)
Class org.gradle.internal.service.ServiceLookupException                              : loaded 2 times (x 82B)
Class [Lcom.google.common.cache.LocalCache$EntryFactory;                              : loaded 2 times (x 69B)
Class org.gradle.internal.classloader.ClassLoaderFactory                              : loaded 2 times (x 70B)
Class com.google.common.base.CommonPattern                                            : loaded 2 times (x 74B)
Class com.google.common.base.CharMatcher$IsNot                                        : loaded 2 times (x 111B)
Class com.google.common.cache.LocalCache$LocalManualCache                             : loaded 2 times (x 99B)
Class org.gradle.internal.service.CachingServiceLocator                               : loaded 2 times (x 82B)
Class com.google.common.collect.AbstractMapBasedMultimap$KeySet                       : loaded 2 times (x 137B)
Class com.google.common.math.IntMath                                                  : loaded 2 times (x 71B)
Class com.google.common.collect.MapMakerInternalMap$InternalEntry                     : loaded 2 times (x 70B)
Class com.google.common.collect.ImmutableMapEntry                                     : loaded 2 times (x 85B)
Class com.google.common.base.Equivalence                                              : loaded 2 times (x 82B)
Class com.google.common.base.Function                                                 : loaded 2 times (x 70B)
Class com.google.common.collect.ImmutableMapEntry$NonTerminalImmutableMapEntry        : loaded 2 times (x 85B)
Class com.google.common.collect.IndexedImmutableSet$1                                 : loaded 2 times (x 213B)
Class com.google.common.cache.CacheBuilder$OneWeigher                                 : loaded 2 times (x 82B)
Class com.google.common.collect.RegularImmutableList                                  : loaded 2 times (x 213B)
Class org.gradle.internal.classloader.ClasspathUtil                                   : loaded 2 times (x 71B)
Class com.google.common.util.concurrent.Uninterruptibles                              : loaded 2 times (x 71B)
Class com.google.common.collect.AbstractMapBasedMultimap$WrappedSet                   : loaded 2 times (x 142B)
Class com.google.common.util.concurrent.LazyLogger                                    : loaded 2 times (x 72B)
Class com.google.common.collect.Maps                                                  : loaded 2 times (x 71B)
Class org.gradle.api.specs.Spec                                                       : loaded 2 times (x 70B)
Class com.google.common.collect.MapMaker                                              : loaded 2 times (x 72B)
Class [Lcom.google.common.collect.ImmutableEntry;                                     : loaded 2 times (x 69B)
Class com.google.common.cache.LocalCache$LoadingValueReference                        : loaded 2 times (x 96B)
Class ijJvmDebugger1_cao8232z4ije7eb1wldzzfxxs                                        : loaded 2 times (x 171B)
Class com.google.common.collect.MapMakerInternalMap$StrongKeyDummyValueEntry          : loaded 2 times (x 82B)
Class com.google.common.base.Platform                                                 : loaded 2 times (x 71B)
Class com.google.common.collect.AbstractMapBasedMultimap$WrappedList                  : loaded 2 times (x 205B)
Class [Lorg.objectweb.asm.AnnotationWriter;                                           : loaded 2 times (x 69B)
Class com.google.common.collect.Maps$8                                                : loaded 2 times (x 82B)
Class [Lcom.google.common.collect.Iterators$EmptyModifiableIterator;                  : loaded 2 times (x 69B)
Class com.google.common.collect.Sets$SetView                                          : loaded 2 times (x 138B)
Class com.google.common.cache.LocalCache$StrongValueReference                         : loaded 2 times (x 90B)
Class com.google.common.graph.SuccessorsFunction                                      : loaded 2 times (x 70B)
Class org.objectweb.asm.Type                                                          : loaded 2 times (x 72B)
Class org.gradle.internal.classloader.VisitableURLClassLoader$InstrumentingVisitableURLClassLoader: loaded 2 times (x 123B)
Class com.google.common.collect.MapMakerInternalMap$StrongKeyDummyValueEntry$Helper   : loaded 2 times (x 79B)
Class com.google.common.io.Files$FileByteSink                                         : loaded 2 times (x 77B)
Class com.google.common.math.IntMath$1                                                : loaded 2 times (x 71B)
Class org.objectweb.asm.ByteVector                                                    : loaded 2 times (x 79B)
Class [Lcom.google.common.cache.CacheBuilder$NullListener;                            : loaded 2 times (x 69B)
Class org.gradle.internal.classloader.VisitableURLClassLoader$Spec                    : loaded 2 times (x 74B)
Class org.gradle.internal.classpath.DefaultClassPath                                  : loaded 2 times (x 90B)
Class com.google.common.base.AbstractIterator                                         : loaded 2 times (x 80B)
Class org.objectweb.asm.Symbol                                                        : loaded 2 times (x 73B)
Class com.google.common.io.Closer                                                     : loaded 2 times (x 78B)
Class com.google.common.base.CharMatcher$BitSetMatcher                                : loaded 2 times (x 112B)
Class com.google.common.collect.RegularImmutableMap$Values                            : loaded 2 times (x 207B)
Class com.google.common.collect.ImmutableSet                                          : loaded 2 times (x 145B)
Class org.gradle.internal.classloader.ClassLoaderSpec                                 : loaded 2 times (x 71B)
Class org.objectweb.asm.AnnotationWriter                                              : loaded 2 times (x 79B)
Class com.google.common.cache.CacheStats                                              : loaded 2 times (x 71B)
Class com.google.common.collect.Interners                                             : loaded 2 times (x 71B)
Class com.google.common.io.Closer$Suppressor                                          : loaded 2 times (x 70B)
Class com.google.common.io.LineProcessor                                              : loaded 2 times (x 70B)
Class org.objectweb.asm.RecordComponentWriter                                         : loaded 2 times (x 78B)
Class com.google.common.util.concurrent.AbstractFuture$Listener                       : loaded 2 times (x 72B)
Class com.google.common.base.CharMatcher$Or                                           : loaded 2 times (x 112B)
Class Settings_gradle$1$1                                                             : loaded 2 times (x 74B)
Class org.gradle.api.internal.classpath.Module$ModuleAlias                            : loaded 2 times (x 70B)
Class org.objectweb.asm.Attribute                                                     : loaded 2 times (x 77B)
Class com.google.common.base.Supplier                                                 : loaded 2 times (x 70B)
Class org.gradle.internal.classloader.VisitableURLClassLoader                         : loaded 2 times (x 117B)
Class Settings_gradle                                                                 : loaded 2 times (x 124B)
Class org.gradle.internal.Cast                                                        : loaded 2 times (x 71B)
Class org.gradle.api.Action                                                           : loaded 2 times (x 70B)
Class com.google.common.collect.MapMakerInternalMap                                   : loaded 2 times (x 161B)
Class com.google.common.base.Strings                                                  : loaded 2 times (x 71B)
Class com.google.common.collect.Sets                                                  : loaded 2 times (x 71B)
Class org.objectweb.asm.Handler                                                       : loaded 2 times (x 72B)
Class com.google.common.base.CharMatcher$FastMatcher                                  : loaded 2 times (x 111B)
Class com.google.common.base.Ticker                                                   : loaded 2 times (x 72B)
Class [Lcom.google.common.cache.LocalCache$Segment;                                   : loaded 2 times (x 69B)
Class com.google.common.base.Predicate                                                : loaded 2 times (x 70B)
Class [Lcom.google.common.cache.LocalCache$Strength;                                  : loaded 2 times (x 69B)
Class com.google.common.cache.CacheBuilder$1                                          : loaded 2 times (x 85B)
Class com.google.common.collect.ImmutableMap                                          : loaded 2 times (x 120B)
Class org.gradle.internal.classpath.DefaultClassPath$ImmutableUniqueList$Builder      : loaded 2 times (x 75B)
Class com.google.common.collect.MapMakerInternalMap$WeakValueReference                : loaded 2 times (x 70B)
Class com.google.common.base.CharMatcher$NegatedFastMatcher                           : loaded 2 times (x 113B)
Class com.google.common.cache.LocalCache                                              : loaded 2 times (x 187B)
Class com.google.common.cache.CacheBuilder$2                                          : loaded 2 times (x 79B)
Class com.google.common.collect.ArrayListMultimap                                     : loaded 2 times (x 172B)
Class com.google.common.cache.CacheBuilder$3                                          : loaded 2 times (x 72B)
Class [Lcom.google.common.collect.AbstractMapEntry;                                   : loaded 2 times (x 69B)
Class com.google.common.collect.ImmutableEntry                                        : loaded 2 times (x 82B)
Class org.gradle.api.GradleException                                                  : loaded 2 times (x 82B)
Class com.google.common.collect.CollectPreconditions                                  : loaded 2 times (x 71B)
Class [Lcom.google.common.collect.MapMakerInternalMap$Strength;                       : loaded 2 times (x 69B)
Class [Lcom.google.common.io.FileWriteMode;                                           : loaded 2 times (x 69B)
Class com.google.common.collect.SortedMapDifference                                   : loaded 2 times (x 70B)
Class com.google.common.collect.MapMakerInternalMap$StrongKeyDummyValueSegment        : loaded 2 times (x 142B)
Class com.google.common.io.Files                                                      : loaded 2 times (x 71B)
Class com.google.common.cache.LocalCache$WriteThroughEntry                            : loaded 2 times (x 79B)
Class com.google.common.cache.LocalCache$HashIterator                                 : loaded 2 times (x 86B)
Class com.google.common.cache.LocalCache$EntryFactory                                 : loaded 2 times (x 83B)
Class [Lcom.google.common.collect.MapMaker$Dummy;                                     : loaded 2 times (x 69B)
Class com.google.common.base.CharMatcher$Whitespace                                   : loaded 2 times (x 112B)
Class com.google.common.cache.LocalCache$AbstractReferenceEntry                       : loaded 2 times (x 107B)
Class org.gradle.internal.IoActions                                                   : loaded 2 times (x 71B)
Class com.google.common.collect.ImmutableMapKeySet                                    : loaded 2 times (x 152B)
Class org.objectweb.asm.SymbolTable                                                   : loaded 2 times (x 72B)
Class com.google.common.cache.CacheLoader$InvalidCacheLoadException                   : loaded 2 times (x 82B)
Class com.google.common.collect.ImmutableSet$RegularSetBuilderImpl                    : loaded 2 times (x 77B)
Class com.google.common.cache.LocalCache$StrongEntry                                  : loaded 2 times (x 108B)
Class com.google.common.util.concurrent.AbstractFuture$TrustedFuture                  : loaded 2 times (x 114B)
Class com.google.common.cache.LoadingCache                                            : loaded 2 times (x 70B)
Class org.objectweb.asm.MethodWriter                                                  : loaded 2 times (x 106B)
Class [Lcom.google.common.cache.Weigher;                                              : loaded 2 times (x 69B)
Class com.google.common.collect.RegularImmutableMap$BucketOverflowException           : loaded 2 times (x 82B)
Class com.google.common.collect.AbstractMapBasedMultimap$RandomAccessWrappedList      : loaded 2 times (x 205B)
Class com.google.common.base.CharMatcher$Negated                                      : loaded 2 times (x 113B)
Class com.google.common.base.CharMatcher$Is                                           : loaded 2 times (x 111B)
Class com.google.common.cache.LocalCache$ValueReference                               : loaded 2 times (x 70B)
Class com.google.common.collect.RegularImmutableBiMap                                 : loaded 2 times (x 149B)
Class com.google.common.base.PatternCompiler                                          : loaded 2 times (x 70B)
Class com.google.common.util.concurrent.AbstractFuture$Failure                        : loaded 2 times (x 72B)
Class com.google.common.base.Equivalence$Equals                                       : loaded 2 times (x 82B)
Class com.google.common.collect.Hashing                                               : loaded 2 times (x 71B)
Class com.google.common.base.Preconditions                                            : loaded 2 times (x 71B)
Class com.google.common.io.CharSink                                                   : loaded 2 times (x 79B)
Class com.google.common.base.Joiner$1                                                 : loaded 2 times (x 80B)
Class org.objectweb.asm.Label                                                         : loaded 2 times (x 73B)
Class org.objectweb.asm.CurrentFrame                                                  : loaded 2 times (x 73B)
Class org.objectweb.asm.ClassTooLargeException                                        : loaded 2 times (x 83B)
Class com.google.common.base.CharMatcher                                              : loaded 2 times (x 111B)
Class com.google.common.collect.PeekingIterator                                       : loaded 2 times (x 70B)
Class com.google.common.collect.MapMakerInternalMap$InternalEntryHelper               : loaded 2 times (x 70B)
Class com.google.common.collect.Table                                                 : loaded 2 times (x 70B)
Class com.google.common.collect.Maps$IteratorBasedAbstractMap                         : loaded 2 times (x 125B)
Class com.google.common.base.Joiner$2                                                 : loaded 2 times (x 79B)
Class org.objectweb.asm.Frame                                                         : loaded 2 times (x 73B)
Class org.objectweb.asm.MethodVisitor                                                 : loaded 2 times (x 105B)
Class com.google.common.base.CharMatcher$NamedFastMatcher                             : loaded 2 times (x 112B)
Class com.google.common.base.CharMatcher$1                                            : loaded 2 times (x 113B)
Class com.google.common.cache.LocalCache$EntryFactory$1                               : loaded 2 times (x 83B)
Class [Lcom.google.common.cache.RemovalListener;                                      : loaded 2 times (x 69B)
Class com.google.common.cache.LocalCache$EntryFactory$2                               : loaded 2 times (x 83B)
Class org.objectweb.asm.ModuleWriter                                                  : loaded 2 times (x 82B)
Class com.google.common.cache.LocalCache$EntryFactory$3                               : loaded 2 times (x 83B)
Class com.google.common.base.Ticker$1                                                 : loaded 2 times (x 72B)
Class com.google.common.collect.Maps$BiMapConverter                                   : loaded 2 times (x 90B)
Class com.google.common.collect.ImmutableMapEntrySet$RegularEntrySet                  : loaded 2 times (x 152B)
Class com.google.common.collect.SetMultimap                                           : loaded 2 times (x 70B)
Class com.google.common.collect.ImmutableSet$Builder                                  : loaded 2 times (x 85B)
Class com.google.common.base.CharMatcher$InRange                                      : loaded 2 times (x 111B)
Class com.google.common.cache.LocalCache$EntryFactory$4                               : loaded 2 times (x 83B)
Class com.google.common.cache.LocalCache$EntryFactory$5                               : loaded 2 times (x 83B)
Class com.google.common.base.PairwiseEquivalence                                      : loaded 2 times (x 83B)
Class com.google.common.collect.HashMultimap                                          : loaded 2 times (x 174B)
Class com.google.common.cache.LocalCache$EntryFactory$6                               : loaded 2 times (x 83B)
Class org.gradle.internal.installation.CurrentGradleInstallationLocator               : loaded 2 times (x 71B)
Class com.google.common.collect.Maps$KeySet                                           : loaded 2 times (x 137B)
Class com.google.common.collect.ImmutableSet$EmptySetBuilderImpl                      : loaded 2 times (x 76B)
Class com.google.common.cache.LocalCache$EntryFactory$7                               : loaded 2 times (x 83B)
Class com.google.common.collect.ImmutableList                                         : loaded 2 times (x 206B)
Class org.gradle.internal.service.DefaultServiceLocator                               : loaded 2 times (x 83B)
Class com.google.common.collect.Maps$EntrySet                                         : loaded 2 times (x 136B)
Class com.google.common.cache.LocalCache$EntryFactory$8                               : loaded 2 times (x 83B)
Class com.google.common.collect.ImmutableSet$SetBuilderImpl                           : loaded 2 times (x 76B)
Class org.gradle.internal.installation.CurrentGradleInstallation                      : loaded 2 times (x 73B)
Class org.apache.http.HttpRequest                                                     : loaded 2 times (x 70B)
Class org.apache.http.HttpEntity                                                      : loaded 2 times (x 70B)
Class com.google.common.cache.CacheLoader$1                                           : loaded 2 times (x 75B)
Class com.google.common.collect.ImmutableList$SubList                                 : loaded 2 times (x 209B)
Class org.gradle.util.internal.GUtil                                                  : loaded 2 times (x 71B)
Class com.google.common.io.ByteSource                                                 : loaded 2 times (x 84B)
Class com.google.common.cache.AbstractCache$StatsCounter                              : loaded 2 times (x 70B)
Class com.google.common.collect.MapMakerInternalMap$1                                 : loaded 2 times (x 83B)
Class com.google.common.collect.Iterators$MergingIterator                             : loaded 2 times (x 81B)
Class com.google.common.collect.RegularImmutableSet                                   : loaded 2 times (x 149B)
Class org.gradle.internal.installation.GradleInstallation                             : loaded 2 times (x 75B)
Class com.google.common.base.Splitter$Strategy                                        : loaded 2 times (x 70B)
Class com.google.common.collect.Iterables                                             : loaded 2 times (x 71B)
Class ijJvmDebugger1_cao8232z4ije7eb1wldzzfxxs$_run_closure1$_closure2                : loaded 2 times (x 140B)

---------------  S Y S T E M  ---------------

OS:
 Windows 11 , 64 bit Build 26100 (10.0.26100.8521)
OS uptime: 1 days 13:41 hours

CPU: total 12 (initial active 12) (6 cores per cpu, 2 threads per core) family 6 model 154 stepping 4 microcode 0x43b, cx8, cmov, fxsr, ht, mmx, 3dnowpref, sse, sse2, sse3, ssse3, sse4.1, sse4.2, popcnt, lzcnt, tsc, tscinvbit, avx, avx2, aes, erms, clmul, bmi1, bmi2, adx, sha, fma, vzeroupper, clflush, clflushopt, clwb, serialize, rdtscp, rdpid, fsrm, f16c, pku, cet_ibt, cet_ss
Processor Information for processor 0
  Max Mhz: 2500, Current Mhz: 1370, Mhz Limit: 1350
Processor Information for processor 1
  Max Mhz: 2500, Current Mhz: 1370, Mhz Limit: 1350
Processor Information for processor 2
  Max Mhz: 2500, Current Mhz: 1370, Mhz Limit: 1350
Processor Information for processor 3
  Max Mhz: 2500, Current Mhz: 1370, Mhz Limit: 1350
Processor Information for processor 4
  Max Mhz: 2500, Current Mhz: 2500, Mhz Limit: 2500
Processor Information for processor 5
  Max Mhz: 2500, Current Mhz: 2500, Mhz Limit: 2500
Processor Information for processor 6
  Max Mhz: 2500, Current Mhz: 2500, Mhz Limit: 2500
Processor Information for processor 7
  Max Mhz: 2500, Current Mhz: 2500, Mhz Limit: 2500
Processor Information for processor 8
  Max Mhz: 2500, Current Mhz: 2500, Mhz Limit: 2500
Processor Information for processor 9
  Max Mhz: 2500, Current Mhz: 2500, Mhz Limit: 2500
Processor Information for processor 10
  Max Mhz: 2500, Current Mhz: 2500, Mhz Limit: 2500
Processor Information for processor 11
  Max Mhz: 2500, Current Mhz: 2500, Mhz Limit: 2500

Memory: 4k page, system-wide physical 8016M (502M free)
TotalPageFile size 20516M (AvailPageFile size 69M)
current process WorkingSet (physical memory assigned to process): 495M, peak: 495M
current process commit charge ("private bytes"): 597M, peak: 744M

vm_info: OpenJDK 64-Bit Server VM (21.0.10+-14961533-b1163.108) for windows-amd64 JRE (21.0.10+-14961533-b1163.108), built on 2026-03-02T19:58:50Z by "builder" with MS VC++ 16.10 / 16.11 (VS2019)

END.
