#
# There is insufficient memory for the Java Runtime Environment to continue.
# Native memory allocation (malloc) failed to allocate 2405776 bytes. Error detail: Chunk::new
# Possible reasons:
#   The system is out of physical RAM or swap space
#   This process is running with CompressedOops enabled, and the Java Heap may be blocking the growth of the native heap
# Possible solutions:
#   Reduce memory load on the system
#   Increase physical memory or swap space
#   Check if swap backing store is full
#   Decrease Java heap size (-Xmx/-Xms)
#   Decrease number of Java threads
#   Decrease Java thread stack sizes (-Xss)
#   Set larger code cache with -XX:ReservedCodeCacheSize=
#   JVM is running with Zero Based Compressed Oops mode in which the Java heap is
#     placed in the first 32GB address space. The Java Heap base address is the
#     maximum limit for the native heap growth. Please use -XX:HeapBaseMinAddress
#     to set the Java Heap base and to place the Java Heap above 32GB virtual address.
# This output file may be truncated or incomplete.
#
#  Out of Memory Error (arena.cpp:168), pid=18036, tid=16820
#
# JRE version: OpenJDK Runtime Environment (21.0.10) (build 21.0.10+-14961533-b1163.108)
# Java VM: OpenJDK 64-Bit Server VM (21.0.10+-14961533-b1163.108, mixed mode, tiered, compressed oops, compressed class ptrs, g1 gc, windows-amd64)
# No core dump will be written. Minidumps are not enabled by default on client versions of Windows
#

---------------  S U M M A R Y ------------

Command Line: --add-opens=java.base/java.lang=ALL-UNNAMED --add-opens=java.base/java.lang.invoke=ALL-UNNAMED --add-opens=java.base/java.util=ALL-UNNAMED --add-opens=java.prefs/java.util.prefs=ALL-UNNAMED --add-exports=jdk.compiler/com.sun.tools.javac.api=ALL-UNNAMED --add-exports=jdk.compiler/com.sun.tools.javac.util=ALL-UNNAMED --add-opens=java.base/java.util=ALL-UNNAMED --add-opens=java.prefs/java.util.prefs=ALL-UNNAMED --add-opens=java.base/java.nio.charset=ALL-UNNAMED --add-opens=java.base/java.net=ALL-UNNAMED --add-opens=java.base/java.util.concurrent=ALL-UNNAMED --add-opens=java.base/java.util.concurrent.atomic=ALL-UNNAMED --add-opens=java.xml/javax.xml.namespace=ALL-UNNAMED --add-opens=java.base/java.time=ALL-UNNAMED -Xmx3072m -Dfile.encoding=UTF-8 -Duser.country=US -Duser.language=en -Duser.variant -javaagent:C:\Users\delos\.gradle\wrapper\dists\gradle-9.4.1-bin\arn2x92ynaizyzdaamcbpbhtj\gradle-9.4.1\lib\agents\gradle-instrumentation-agent-9.4.1.jar org.gradle.launcher.daemon.bootstrap.GradleDaemon 9.4.1

Host: 12th Gen Intel(R) Core(TM) i5-1235U, 12 cores, 7G,  Windows 11 , 64 bit Build 26100 (10.0.26100.8521)
Time: Wed Jul  1 13:55:20 2026 SA Western Standard Time elapsed time: 21.050725 seconds (0d 0h 0m 21s)

---------------  T H R E A D  ---------------

Current thread (0x0000020e2299d6d0):  JavaThread "C2 CompilerThread0" daemon [_thread_in_native, id=16820, stack(0x000000b485b00000,0x000000b485c00000) (1024K)]


Current CompileTask:
C2:21050 20616       4       org.gradle.internal.instantiation.generator.AbstractClassGenerator::inspectType (602 bytes)

Stack: [0x000000b485b00000,0x000000b485c00000]
Native frames: (J=compiled Java code, j=interpreted, Vv=VM code, C=native code)
V  [jvm.dll+0x6d78a9]
V  [jvm.dll+0x8665b3]
V  [jvm.dll+0x868bde]
V  [jvm.dll+0x8692c3]
V  [jvm.dll+0x280ee6]
V  [jvm.dll+0xc07cd]
V  [jvm.dll+0xc0d03]
V  [jvm.dll+0x3ba091]
V  [jvm.dll+0x385df7]
V  [jvm.dll+0x38526a]
V  [jvm.dll+0x249bd2]
V  [jvm.dll+0x2491a1]
V  [jvm.dll+0x1c76e4]
V  [jvm.dll+0x25891e]
V  [jvm.dll+0x256e66]
V  [jvm.dll+0x3f513e]
V  [jvm.dll+0x80fd28]
V  [jvm.dll+0x6d60fd]
C  [ucrtbase.dll+0x2cd30]
C  [KERNEL32.DLL+0x2e957]
C  [ntdll.dll+0x87c1c]


---------------  P R O C E S S  ---------------

Threads class SMR info:
_java_thread_list=0x0000020e3511f540, length=84, elements={
0x0000020e098680c0, 0x0000020e2293ff30, 0x0000020e229435c0, 0x0000020e2295d3d0,
0x0000020e2297c290, 0x0000020e22984a00, 0x0000020e2299be80, 0x0000020e2299c4f0,
0x0000020e2299d6d0, 0x0000020e2299fc80, 0x0000020e22c80e10, 0x0000020e29d315a0,
0x0000020e28aa6f10, 0x0000020e287b8f80, 0x0000020e28bbef60, 0x0000020e28a44b10,
0x0000020e28a61800, 0x0000020e28af27b0, 0x0000020e28b12fb0, 0x0000020e28b14360,
0x0000020e28b13640, 0x0000020e28b13cd0, 0x0000020e28b149f0, 0x0000020e28b15080,
0x0000020e2a00b060, 0x0000020e2a00d7c0, 0x0000020e2a00e4e0, 0x0000020e2a00de50,
0x0000020e2a00b6f0, 0x0000020e2a00f200, 0x0000020e2a00bd80, 0x0000020e2a00f890,
0x0000020e2a00c410, 0x0000020e2a00ff20, 0x0000020e2a00caa0, 0x0000020e2a00d130,
0x0000020e2a010c40, 0x0000020e2a0112d0, 0x0000020e2a011960, 0x0000020e2a011ff0,
0x0000020e2a012680, 0x0000020e2a231fd0, 0x0000020e2a230590, 0x0000020e2a233380,
0x0000020e2a230c20, 0x0000020e2a2312b0, 0x0000020e2a232660, 0x0000020e2a231940,
0x0000020e2a232cf0, 0x0000020e2a22ff00, 0x0000020e2a234dc0, 0x0000020e2a2340a0,
0x0000020e2d6b8410, 0x0000020e2d6b97c0, 0x0000020e2d6ba4e0, 0x0000020e2dc249b0,
0x0000020e2a22f780, 0x0000020e2bd1f670, 0x0000020e2bd1fd00, 0x0000020e2bd21740,
0x0000020e2bd1e2c0, 0x0000020e2bd1e950, 0x0000020e2bd1efe0, 0x0000020e2a234730,
0x0000020e342a7be0, 0x0000020e342aa9d0, 0x0000020e342a8f90, 0x0000020e342a8900,
0x0000020e342a7550, 0x0000020e342a8270, 0x0000020e342abd80, 0x0000020e342ab6f0,
0x0000020e2bd1dc30, 0x0000020e35595d40, 0x0000020e35597780, 0x0000020e355991c0,
0x0000020e35599850, 0x0000020e355963d0, 0x0000020e35599ee0, 0x0000020e35596a60,
0x0000020e3559a570, 0x0000020e355970f0, 0x0000020e3559ac00, 0x0000020e3559bfb0
}

Java Threads: ( => current thread )
  0x0000020e098680c0 JavaThread "main"                              [_thread_blocked, id=5468, stack(0x000000b484c00000,0x000000b484d00000) (1024K)]
  0x0000020e2293ff30 JavaThread "Common-Cleaner"             daemon [_thread_blocked, id=6104, stack(0x000000b485400000,0x000000b485500000) (1024K)]
  0x0000020e229435c0 JavaThread "Reference Handler"          daemon [_thread_blocked, id=13112, stack(0x000000b485500000,0x000000b485600000) (1024K)]
  0x0000020e2295d3d0 JavaThread "Finalizer"                  daemon [_thread_blocked, id=7496, stack(0x000000b485600000,0x000000b485700000) (1024K)]
  0x0000020e2297c290 JavaThread "Signal Dispatcher"          daemon [_thread_blocked, id=13160, stack(0x000000b485700000,0x000000b485800000) (1024K)]
  0x0000020e22984a00 JavaThread "Attach Listener"            daemon [_thread_blocked, id=16792, stack(0x000000b485800000,0x000000b485900000) (1024K)]
  0x0000020e2299be80 JavaThread "Service Thread"             daemon [_thread_blocked, id=11072, stack(0x000000b485900000,0x000000b485a00000) (1024K)]
  0x0000020e2299c4f0 JavaThread "Monitor Deflation Thread"   daemon [_thread_blocked, id=16240, stack(0x000000b485a00000,0x000000b485b00000) (1024K)]
=>0x0000020e2299d6d0 JavaThread "C2 CompilerThread0"         daemon [_thread_in_native, id=16820, stack(0x000000b485b00000,0x000000b485c00000) (1024K)]
  0x0000020e2299fc80 JavaThread "C1 CompilerThread0"         daemon [_thread_in_vm, id=2728, stack(0x000000b485c00000,0x000000b485d00000) (1024K)]
  0x0000020e22c80e10 JavaThread "Notification Thread"        daemon [_thread_blocked, id=11640, stack(0x000000b485d00000,0x000000b485e00000) (1024K)]
  0x0000020e29d315a0 JavaThread "Daemon health stats"               [_thread_blocked, id=16048, stack(0x000000b486400000,0x000000b486500000) (1024K)]
  0x0000020e28aa6f10 JavaThread "Incoming local TCP Connector on port 54898"        [_thread_in_native, id=7632, stack(0x000000b486500000,0x000000b486600000) (1024K)]
  0x0000020e287b8f80 JavaThread "Daemon periodic checks"            [_thread_blocked, id=1228, stack(0x000000b486600000,0x000000b486700000) (1024K)]
  0x0000020e28bbef60 JavaThread "Daemon"                            [_thread_blocked, id=11152, stack(0x000000b486700000,0x000000b486800000) (1024K)]
  0x0000020e28a44b10 JavaThread "Handler for socket connection from /127.0.0.1:54898 to /127.0.0.1:54899"        [_thread_in_native, id=20380, stack(0x000000b486800000,0x000000b486900000) (1024K)]
  0x0000020e28a61800 JavaThread "Cancel handler"                    [_thread_blocked, id=10616, stack(0x000000b486900000,0x000000b486a00000) (1024K)]
  0x0000020e28af27b0 JavaThread "Daemon worker"                     [_thread_blocked, id=3324, stack(0x000000b486a00000,0x000000b486b00000) (1024K)]
  0x0000020e28b12fb0 JavaThread "Asynchronous log dispatcher for DefaultDaemonConnection: socket connection from /127.0.0.1:54898 to /127.0.0.1:54899"        [_thread_blocked, id=9312, stack(0x000000b486b00000,0x000000b486c00000) (1024K)]
  0x0000020e28b14360 JavaThread "Stdin handler"                     [_thread_blocked, id=19720, stack(0x000000b486c00000,0x000000b486d00000) (1024K)]
  0x0000020e28b13640 JavaThread "Daemon client event forwarder"        [_thread_blocked, id=4340, stack(0x000000b486d00000,0x000000b486e00000) (1024K)]
  0x0000020e28b13cd0 JavaThread "Cache worker for journal cache (C:\Users\delos\.gradle\caches\journal-1)"        [_thread_blocked, id=12700, stack(0x000000b487500000,0x000000b487600000) (1024K)]
  0x0000020e28b149f0 JavaThread "File lock request listener"        [_thread_in_native, id=9056, stack(0x000000b487600000,0x000000b487700000) (1024K)]
  0x0000020e28b15080 JavaThread "Cache worker for file hash cache (C:\Users\delos\.gradle\caches\9.4.1\fileHashes)"        [_thread_blocked, id=3592, stack(0x000000b487700000,0x000000b487800000) (1024K)]
  0x0000020e2a00b060 JavaThread "Cache worker for file hash cache (C:\Users\delos\AndroidStudioProjects\LoroLingo\.gradle\9.4.1\fileHashes)"        [_thread_blocked, id=12320, stack(0x000000b487800000,0x000000b487900000) (1024K)]
  0x0000020e2a00d7c0 JavaThread "Cache worker for Build Output Cleanup Cache (C:\Users\delos\AndroidStudioProjects\LoroLingo\.gradle\buildOutputCleanup)"        [_thread_blocked, id=15812, stack(0x000000b487900000,0x000000b487a00000) (1024K)]
  0x0000020e2a00e4e0 JavaThread "File watcher server"        daemon [_thread_in_native, id=6456, stack(0x000000b487a00000,0x000000b487b00000) (1024K)]
  0x0000020e2a00de50 JavaThread "File watcher consumer"      daemon [_thread_blocked, id=18760, stack(0x000000b487b00000,0x000000b487c00000) (1024K)]
  0x0000020e2a00b6f0 JavaThread "Cache worker for file content cache (C:\Users\delos\.gradle\caches\9.4.1\fileContent)"        [_thread_blocked, id=11236, stack(0x000000b487c00000,0x000000b487d00000) (1024K)]
  0x0000020e2a00f200 JavaThread "Cache worker for checksums cache (C:\Users\delos\AndroidStudioProjects\LoroLingo\.gradle\9.4.1\checksums)"        [_thread_blocked, id=5220, stack(0x000000b487d00000,0x000000b487e00000) (1024K)]
  0x0000020e2a00bd80 JavaThread "Cache worker for cache directory md-supplier (C:\Users\delos\.gradle\caches\9.4.1\md-supplier)"        [_thread_blocked, id=684, stack(0x000000b487e00000,0x000000b487f00000) (1024K)]
  0x0000020e2a00f890 JavaThread "Cache worker for cache directory md-rule (C:\Users\delos\.gradle\caches\9.4.1\md-rule)"        [_thread_blocked, id=19188, stack(0x000000b487f00000,0x000000b488000000) (1024K)]
  0x0000020e2a00c410 JavaThread "jar transforms"                    [_thread_blocked, id=12732, stack(0x000000b488000000,0x000000b488100000) (1024K)]
  0x0000020e2a00ff20 JavaThread "jar transforms Thread 2"           [_thread_blocked, id=20244, stack(0x000000b488100000,0x000000b488200000) (1024K)]
  0x0000020e2a00caa0 JavaThread "jar transforms Thread 3"           [_thread_blocked, id=9092, stack(0x000000b488200000,0x000000b488300000) (1024K)]
  0x0000020e2a00d130 JavaThread "Build operations"                  [_thread_blocked, id=18204, stack(0x000000b488300000,0x000000b488400000) (1024K)]
  0x0000020e2a010c40 JavaThread "Build operations Thread 2"         [_thread_blocked, id=1348, stack(0x000000b488400000,0x000000b488500000) (1024K)]
  0x0000020e2a0112d0 JavaThread "Build operations Thread 3"         [_thread_blocked, id=12796, stack(0x000000b488500000,0x000000b488600000) (1024K)]
  0x0000020e2a011960 JavaThread "Build operations Thread 4"         [_thread_blocked, id=2856, stack(0x000000b488600000,0x000000b488700000) (1024K)]
  0x0000020e2a011ff0 JavaThread "Build operations Thread 5"         [_thread_blocked, id=7592, stack(0x000000b488700000,0x000000b488800000) (1024K)]
  0x0000020e2a012680 JavaThread "Build operations Thread 6"         [_thread_blocked, id=5312, stack(0x000000b488800000,0x000000b488900000) (1024K)]
  0x0000020e2a231fd0 JavaThread "Build operations Thread 7"         [_thread_blocked, id=5920, stack(0x000000b488900000,0x000000b488a00000) (1024K)]
  0x0000020e2a230590 JavaThread "Build operations Thread 8"         [_thread_blocked, id=18128, stack(0x000000b488a00000,0x000000b488b00000) (1024K)]
  0x0000020e2a233380 JavaThread "Build operations Thread 9"         [_thread_blocked, id=16160, stack(0x000000b488b00000,0x000000b488c00000) (1024K)]
  0x0000020e2a230c20 JavaThread "Build operations Thread 10"        [_thread_blocked, id=18792, stack(0x000000b488c00000,0x000000b488d00000) (1024K)]
  0x0000020e2a2312b0 JavaThread "Build operations Thread 11"        [_thread_blocked, id=13896, stack(0x000000b488d00000,0x000000b488e00000) (1024K)]
  0x0000020e2a232660 JavaThread "Build operations Thread 12"        [_thread_blocked, id=19384, stack(0x000000b488e00000,0x000000b488f00000) (1024K)]
  0x0000020e2a231940 JavaThread "jar transforms Thread 4"           [_thread_blocked, id=4004, stack(0x000000b488f00000,0x000000b489000000) (1024K)]
  0x0000020e2a232cf0 JavaThread "jar transforms Thread 5"           [_thread_blocked, id=8300, stack(0x000000b489000000,0x000000b489100000) (1024K)]
  0x0000020e2a22ff00 JavaThread "jar transforms Thread 6"           [_thread_blocked, id=9384, stack(0x000000b489100000,0x000000b489200000) (1024K)]
  0x0000020e2a234dc0 JavaThread "jar transforms Thread 7"           [_thread_blocked, id=17696, stack(0x000000b489200000,0x000000b489300000) (1024K)]
  0x0000020e2a2340a0 JavaThread "jar transforms Thread 8"           [_thread_blocked, id=20092, stack(0x000000b489300000,0x000000b489400000) (1024K)]
  0x0000020e2d6b8410 JavaThread "build event listener"              [_thread_blocked, id=17844, stack(0x000000b485f00000,0x000000b486000000) (1024K)]
  0x0000020e2d6b97c0 JavaThread "Memory manager"                    [_thread_blocked, id=12072, stack(0x000000b489400000,0x000000b489500000) (1024K)]
  0x0000020e2d6ba4e0 JavaThread "build event listener"              [_thread_blocked, id=17704, stack(0x000000b489500000,0x000000b489600000) (1024K)]
  0x0000020e2dc249b0 JavaThread "C2 CompilerThread1"         daemon [_thread_in_native, id=18284, stack(0x000000b485e00000,0x000000b485f00000) (1024K)]
  0x0000020e2a22f780 JavaThread "C2 CompilerThread2"         daemon [_thread_in_native, id=19468, stack(0x000000b489600000,0x000000b489700000) (1024K)]
  0x0000020e2bd1f670 JavaThread "pool-3-thread-1"                   [_thread_blocked, id=4024, stack(0x000000b489700000,0x000000b489800000) (1024K)]
  0x0000020e2bd1fd00 JavaThread "build event listener"              [_thread_blocked, id=9908, stack(0x000000b489800000,0x000000b489900000) (1024K)]
  0x0000020e2bd21740 JavaThread "included builds"                   [_thread_blocked, id=1012, stack(0x000000b489900000,0x000000b489a00000) (1024K)]
  0x0000020e2bd1e2c0 JavaThread "Execution worker"                  [_thread_blocked, id=4648, stack(0x000000b489a00000,0x000000b489b00000) (1024K)]
  0x0000020e2bd1e950 JavaThread "Execution worker Thread 2"         [_thread_blocked, id=10396, stack(0x000000b489b00000,0x000000b489c00000) (1024K)]
  0x0000020e2bd1efe0 JavaThread "Execution worker Thread 3"         [_thread_blocked, id=14064, stack(0x000000b489c00000,0x000000b489d00000) (1024K)]
  0x0000020e2a234730 JavaThread "Execution worker Thread 4"         [_thread_blocked, id=11604, stack(0x000000b489d00000,0x000000b489e00000) (1024K)]
  0x0000020e342a7be0 JavaThread "Execution worker Thread 5"         [_thread_blocked, id=11324, stack(0x000000b489e00000,0x000000b489f00000) (1024K)]
  0x0000020e342aa9d0 JavaThread "Execution worker Thread 6"         [_thread_blocked, id=16364, stack(0x000000b489f00000,0x000000b48a000000) (1024K)]
  0x0000020e342a8f90 JavaThread "Execution worker Thread 7"         [_thread_blocked, id=18872, stack(0x000000b48a000000,0x000000b48a100000) (1024K)]
  0x0000020e342a8900 JavaThread "Execution worker Thread 8"         [_thread_blocked, id=7240, stack(0x000000b48a100000,0x000000b48a200000) (1024K)]
  0x0000020e342a7550 JavaThread "Execution worker Thread 9"         [_thread_blocked, id=18192, stack(0x000000b48a200000,0x000000b48a300000) (1024K)]
  0x0000020e342a8270 JavaThread "Execution worker Thread 10"        [_thread_blocked, id=19964, stack(0x000000b48a300000,0x000000b48a400000) (1024K)]
  0x0000020e342abd80 JavaThread "Execution worker Thread 11"        [_thread_blocked, id=14744, stack(0x000000b48a400000,0x000000b48a500000) (1024K)]
  0x0000020e342ab6f0 JavaThread "Cache worker for execution history cache (C:\Users\delos\AndroidStudioProjects\LoroLingo\.gradle\9.4.1\executionHistory)"        [_thread_blocked, id=15208, stack(0x000000b48a500000,0x000000b48a600000) (1024K)]
  0x0000020e2bd1dc30 JavaThread "WorkerExecutor Queue"              [_thread_blocked, id=17288, stack(0x000000b48a600000,0x000000b48a700000) (1024K)]
  0x0000020e35595d40 JavaThread "WorkerExecutor Queue Thread 2"        [_thread_in_Java, id=19896, stack(0x000000b48a700000,0x000000b48a800000) (1024K)]
  0x0000020e35597780 JavaThread "WorkerExecutor Queue Thread 3"        [_thread_blocked, id=18112, stack(0x000000b48a800000,0x000000b48a900000) (1024K)]
  0x0000020e355991c0 JavaThread "WorkerExecutor Queue Thread 4"        [_thread_blocked, id=2544, stack(0x000000b48a900000,0x000000b48aa00000) (1024K)]
  0x0000020e35599850 JavaThread "WorkerExecutor Queue Thread 5"        [_thread_blocked, id=17640, stack(0x000000b48aa00000,0x000000b48ab00000) (1024K)]
  0x0000020e355963d0 JavaThread "WorkerExecutor Queue Thread 6"        [_thread_blocked, id=5760, stack(0x000000b48ab00000,0x000000b48ac00000) (1024K)]
  0x0000020e35599ee0 JavaThread "WorkerExecutor Queue Thread 7"        [_thread_blocked, id=17592, stack(0x000000b48ac00000,0x000000b48ad00000) (1024K)]
  0x0000020e35596a60 JavaThread "WorkerExecutor Queue Thread 8"        [_thread_blocked, id=7900, stack(0x000000b48ad00000,0x000000b48ae00000) (1024K)]
  0x0000020e3559a570 JavaThread "WorkerExecutor Queue Thread 9"        [_thread_blocked, id=18980, stack(0x000000b48ae00000,0x000000b48af00000) (1024K)]
  0x0000020e355970f0 JavaThread "WorkerExecutor Queue Thread 10"        [_thread_blocked, id=5480, stack(0x000000b48af00000,0x000000b48b000000) (1024K)]
  0x0000020e3559ac00 JavaThread "WorkerExecutor Queue Thread 11"        [_thread_blocked, id=18600, stack(0x000000b48b000000,0x000000b48b100000) (1024K)]
  0x0000020e3559bfb0 JavaThread "WorkerExecutor Queue Thread 13"        [_thread_blocked, id=3948, stack(0x000000b48b200000,0x000000b48b300000) (1024K)]
Total: 84

Other Threads:
  0x0000020e22135a30 VMThread "VM Thread"                           [id=6008, stack(0x000000b485300000,0x000000b485400000) (1024K)]
  0x0000020e220d4670 WatcherThread "VM Periodic Task Thread"        [id=9352, stack(0x000000b485200000,0x000000b485300000) (1024K)]
  0x0000020e098bd9e0 WorkerThread "GC Thread#0"                     [id=4716, stack(0x000000b484d00000,0x000000b484e00000) (1024K)]
  0x0000020e27a4cac0 WorkerThread "GC Thread#1"                     [id=3096, stack(0x000000b486000000,0x000000b486100000) (1024K)]
  0x0000020e27a4ce70 WorkerThread "GC Thread#2"                     [id=20108, stack(0x000000b486100000,0x000000b486200000) (1024K)]
  0x0000020e27a4a6c0 WorkerThread "GC Thread#3"                     [id=12552, stack(0x000000b486200000,0x000000b486300000) (1024K)]
  0x0000020e28087c40 WorkerThread "GC Thread#4"                     [id=13764, stack(0x000000b486300000,0x000000b486400000) (1024K)]
  0x0000020e29794bf0 WorkerThread "GC Thread#5"                     [id=4928, stack(0x000000b486e00000,0x000000b486f00000) (1024K)]
  0x0000020e29796210 WorkerThread "GC Thread#6"                     [id=15536, stack(0x000000b486f00000,0x000000b487000000) (1024K)]
  0x0000020e29794840 WorkerThread "GC Thread#7"                     [id=19788, stack(0x000000b487000000,0x000000b487100000) (1024K)]
  0x0000020e29794fa0 WorkerThread "GC Thread#8"                     [id=19084, stack(0x000000b487100000,0x000000b487200000) (1024K)]
  0x0000020e29795700 WorkerThread "GC Thread#9"                     [id=13620, stack(0x000000b487200000,0x000000b487300000) (1024K)]
  0x0000020e098ca8e0 ConcurrentGCThread "G1 Main Marker"            [id=17852, stack(0x000000b484e00000,0x000000b484f00000) (1024K)]
  0x0000020e098cb460 WorkerThread "G1 Conc#0"                       [id=19640, stack(0x000000b484f00000,0x000000b485000000) (1024K)]
  0x0000020e29795350 WorkerThread "G1 Conc#1"                       [id=17168, stack(0x000000b487300000,0x000000b487400000) (1024K)]
  0x0000020e29795ab0 WorkerThread "G1 Conc#2"                       [id=2232, stack(0x000000b487400000,0x000000b487500000) (1024K)]
  0x0000020e0991c020 ConcurrentGCThread "G1 Refine#0"               [id=6416, stack(0x000000b485000000,0x000000b485100000) (1024K)]
  0x0000020e0991e9d0 ConcurrentGCThread "G1 Service"                [id=9600, stack(0x000000b485100000,0x000000b485200000) (1024K)]
Total: 18

Threads with active compile tasks:
C2 CompilerThread0  22074 20616       4       org.gradle.internal.instantiation.generator.AbstractClassGenerator::inspectType (602 bytes)
C1 CompilerThread0  22074 20950       3       com.android.tools.r8.graph.n7::a (55 bytes)
C2 CompilerThread1  22074 17659 %     4       com.android.tools.r8.internal.a52::a @ 1229 (3042 bytes)
C2 CompilerThread2  22074 19910 %     4       com.android.tools.r8.internal.a52::a @ 679 (2026 bytes)
Total: 4

VM state: not at safepoint (normal execution)

VM Mutex/Monitor currently owned by a thread: None

Heap address: 0x0000000740000000, size: 3072 MB, Compressed Oops mode: Zero based, Oop shift amount: 3

CDS archive(s) not mapped
Compressed class space mapped at: 0x0000000800000000-0x0000000840000000, reserved size: 1073741824
Narrow klass base: 0x0000000800000000, Narrow klass shift: 0, Narrow klass range: 0x40000000

GC Precious Log:
 CardTable entry size: 512
 Card Set container configuration: InlinePtr #cards 4 size 8 Array Of Cards #cards 16 size 48 Howl #buckets 8 coarsen threshold 3686 Howl Bitmap #cards 512 size 80 coarsen threshold 460 Card regions per heap region 1 cards per card region 4096
 CPUs: 12 total, 12 available
 Memory: 8016M
 Large Page Support: Disabled
 NUMA Support: Disabled
 Compressed Oops: Enabled (Zero based)
 Heap Region Size: 2M
 Heap Min Capacity: 8M
 Heap Initial Capacity: 126M
 Heap Max Capacity: 3G
 Pre-touch: Disabled
 Parallel Workers: 10
 Concurrent Workers: 3
 Concurrent Refinement Workers: 10
 Periodic GC: Disabled

Heap:
 garbage-first heap   total 446464K, used 200138K [0x0000000740000000, 0x0000000800000000)
  region size 2048K, 16 young (32768K), 5 survivors (10240K)
 Metaspace       used 149025K, committed 151488K, reserved 1179648K
  class space    used 21666K, committed 22848K, reserved 1048576K

Heap Regions: E=young(eden), S=young(survivor), O=old, HS=humongous(starts), HC=humongous(continues), CS=collection set, F=free, TAMS=top-at-mark-start, PB=parsable bottom
|   0|0x0000000740000000, 0x0000000740200000, 0x0000000740200000|100%|HS|  |TAMS 0x0000000740000000| PB 0x0000000740000000| Complete 
|   1|0x0000000740200000, 0x0000000740400000, 0x0000000740400000|100%|HC|  |TAMS 0x0000000740200000| PB 0x0000000740200000| Complete 
|   2|0x0000000740400000, 0x0000000740600000, 0x0000000740600000|100%| O|  |TAMS 0x0000000740400000| PB 0x0000000740400000| Untracked 
|   3|0x0000000740600000, 0x0000000740800000, 0x0000000740800000|100%| O|  |TAMS 0x0000000740600000| PB 0x0000000740600000| Untracked 
|   4|0x0000000740800000, 0x0000000740a00000, 0x0000000740a00000|100%| O|  |TAMS 0x0000000740800000| PB 0x0000000740800000| Untracked 
|   5|0x0000000740a00000, 0x0000000740c00000, 0x0000000740c00000|100%| O|  |TAMS 0x0000000740a00000| PB 0x0000000740a00000| Untracked 
|   6|0x0000000740c00000, 0x0000000740e00000, 0x0000000740e00000|100%| O|  |TAMS 0x0000000740c00000| PB 0x0000000740c00000| Untracked 
|   7|0x0000000740e00000, 0x0000000741000000, 0x0000000741000000|100%| O|  |TAMS 0x0000000740e00000| PB 0x0000000740e00000| Untracked 
|   8|0x0000000741000000, 0x0000000741200000, 0x0000000741200000|100%| O|  |TAMS 0x0000000741000000| PB 0x0000000741000000| Untracked 
|   9|0x0000000741200000, 0x0000000741400000, 0x0000000741400000|100%|HS|  |TAMS 0x0000000741200000| PB 0x0000000741200000| Complete 
|  10|0x0000000741400000, 0x0000000741600000, 0x0000000741600000|100%| O|  |TAMS 0x0000000741400000| PB 0x0000000741400000| Untracked 
|  11|0x0000000741600000, 0x0000000741800000, 0x0000000741800000|100%| O|  |TAMS 0x0000000741600000| PB 0x0000000741600000| Untracked 
|  12|0x0000000741800000, 0x0000000741a00000, 0x0000000741a00000|100%| O|  |TAMS 0x0000000741800000| PB 0x0000000741800000| Untracked 
|  13|0x0000000741a00000, 0x0000000741c00000, 0x0000000741c00000|100%| O|  |TAMS 0x0000000741a00000| PB 0x0000000741a00000| Untracked 
|  14|0x0000000741c00000, 0x0000000741e00000, 0x0000000741e00000|100%| O|  |TAMS 0x0000000741c00000| PB 0x0000000741c00000| Untracked 
|  15|0x0000000741e00000, 0x0000000742000000, 0x0000000742000000|100%| O|  |TAMS 0x0000000741e00000| PB 0x0000000741e00000| Untracked 
|  16|0x0000000742000000, 0x0000000742200000, 0x0000000742200000|100%| O|  |TAMS 0x0000000742000000| PB 0x0000000742000000| Untracked 
|  17|0x0000000742200000, 0x0000000742400000, 0x0000000742400000|100%|HS|  |TAMS 0x0000000742200000| PB 0x0000000742200000| Complete 
|  18|0x0000000742400000, 0x0000000742600000, 0x0000000742600000|100%| O|  |TAMS 0x0000000742400000| PB 0x0000000742400000| Untracked 
|  19|0x0000000742600000, 0x0000000742800000, 0x0000000742800000|100%| O|  |TAMS 0x0000000742600000| PB 0x0000000742600000| Untracked 
|  20|0x0000000742800000, 0x0000000742a00000, 0x0000000742a00000|100%| O|  |TAMS 0x0000000742800000| PB 0x0000000742800000| Untracked 
|  21|0x0000000742a00000, 0x0000000742c00000, 0x0000000742c00000|100%| O|  |TAMS 0x0000000742a00000| PB 0x0000000742a00000| Untracked 
|  22|0x0000000742c00000, 0x0000000742e00000, 0x0000000742e00000|100%| O|  |TAMS 0x0000000742c00000| PB 0x0000000742c00000| Untracked 
|  23|0x0000000742e00000, 0x0000000743000000, 0x0000000743000000|100%| O|  |TAMS 0x0000000742e00000| PB 0x0000000742e00000| Untracked 
|  24|0x0000000743000000, 0x0000000743200000, 0x0000000743200000|100%| O|  |TAMS 0x0000000743000000| PB 0x0000000743000000| Untracked 
|  25|0x0000000743200000, 0x0000000743400000, 0x0000000743400000|100%| O|  |TAMS 0x0000000743200000| PB 0x0000000743200000| Untracked 
|  26|0x0000000743400000, 0x0000000743600000, 0x0000000743600000|100%|HS|  |TAMS 0x0000000743400000| PB 0x0000000743400000| Complete 
|  27|0x0000000743600000, 0x0000000743800000, 0x0000000743800000|100%| O|  |TAMS 0x0000000743600000| PB 0x0000000743600000| Untracked 
|  28|0x0000000743800000, 0x0000000743a00000, 0x0000000743a00000|100%| O|  |TAMS 0x0000000743800000| PB 0x0000000743800000| Untracked 
|  29|0x0000000743a00000, 0x0000000743c00000, 0x0000000743c00000|100%| O|  |TAMS 0x0000000743a00000| PB 0x0000000743a00000| Untracked 
|  30|0x0000000743c00000, 0x0000000743e00000, 0x0000000743e00000|100%| O|  |TAMS 0x0000000743c00000| PB 0x0000000743c00000| Untracked 
|  31|0x0000000743e00000, 0x0000000744000000, 0x0000000744000000|100%| O|  |TAMS 0x0000000743e00000| PB 0x0000000743e00000| Untracked 
|  32|0x0000000744000000, 0x0000000744200000, 0x0000000744200000|100%| O|  |TAMS 0x0000000744000000| PB 0x0000000744000000| Untracked 
|  33|0x0000000744200000, 0x0000000744400000, 0x0000000744400000|100%| O|  |TAMS 0x0000000744200000| PB 0x0000000744200000| Untracked 
|  34|0x0000000744400000, 0x0000000744600000, 0x0000000744600000|100%| O|  |TAMS 0x0000000744400000| PB 0x0000000744400000| Untracked 
|  35|0x0000000744600000, 0x0000000744800000, 0x0000000744800000|100%| O|  |TAMS 0x0000000744600000| PB 0x0000000744600000| Untracked 
|  36|0x0000000744800000, 0x0000000744800000, 0x0000000744a00000|  0%| F|  |TAMS 0x0000000744800000| PB 0x0000000744800000| Untracked 
|  37|0x0000000744a00000, 0x0000000744c00000, 0x0000000744c00000|100%| O|  |TAMS 0x0000000744a00000| PB 0x0000000744a00000| Untracked 
|  38|0x0000000744c00000, 0x0000000744e00000, 0x0000000744e00000|100%| O|  |TAMS 0x0000000744c00000| PB 0x0000000744c00000| Untracked 
|  39|0x0000000744e00000, 0x0000000745000000, 0x0000000745000000|100%| O|  |TAMS 0x0000000744e00000| PB 0x0000000744e00000| Untracked 
|  40|0x0000000745000000, 0x0000000745200000, 0x0000000745200000|100%| O|  |TAMS 0x0000000745000000| PB 0x0000000745000000| Untracked 
|  41|0x0000000745200000, 0x0000000745400000, 0x0000000745400000|100%| O|  |TAMS 0x0000000745200000| PB 0x0000000745200000| Untracked 
|  42|0x0000000745400000, 0x0000000745600000, 0x0000000745600000|100%| O|  |TAMS 0x0000000745400000| PB 0x0000000745400000| Untracked 
|  43|0x0000000745600000, 0x0000000745800000, 0x0000000745800000|100%| O|  |TAMS 0x0000000745600000| PB 0x0000000745600000| Untracked 
|  44|0x0000000745800000, 0x0000000745a00000, 0x0000000745a00000|100%| O|  |TAMS 0x0000000745800000| PB 0x0000000745800000| Untracked 
|  45|0x0000000745a00000, 0x0000000745c00000, 0x0000000745c00000|100%| O|  |TAMS 0x0000000745a00000| PB 0x0000000745a00000| Untracked 
|  46|0x0000000745c00000, 0x0000000745e00000, 0x0000000745e00000|100%| O|  |TAMS 0x0000000745c00000| PB 0x0000000745c00000| Untracked 
|  47|0x0000000745e00000, 0x0000000746000000, 0x0000000746000000|100%| O|  |TAMS 0x0000000745e00000| PB 0x0000000745e00000| Untracked 
|  48|0x0000000746000000, 0x0000000746000000, 0x0000000746200000|  0%| F|  |TAMS 0x0000000746000000| PB 0x0000000746000000| Untracked 
|  49|0x0000000746200000, 0x0000000746400000, 0x0000000746400000|100%| O|  |TAMS 0x0000000746200000| PB 0x0000000746200000| Untracked 
|  50|0x0000000746400000, 0x0000000746600000, 0x0000000746600000|100%| O|  |TAMS 0x0000000746400000| PB 0x0000000746400000| Untracked 
|  51|0x0000000746600000, 0x0000000746800000, 0x0000000746800000|100%| O|  |TAMS 0x0000000746600000| PB 0x0000000746600000| Untracked 
|  52|0x0000000746800000, 0x0000000746a00000, 0x0000000746a00000|100%| O|  |TAMS 0x0000000746800000| PB 0x0000000746800000| Untracked 
|  53|0x0000000746a00000, 0x0000000746c00000, 0x0000000746c00000|100%| O|  |TAMS 0x0000000746a00000| PB 0x0000000746a00000| Untracked 
|  54|0x0000000746c00000, 0x0000000746e00000, 0x0000000746e00000|100%| O|  |TAMS 0x0000000746c00000| PB 0x0000000746c00000| Untracked 
|  55|0x0000000746e00000, 0x0000000747000000, 0x0000000747000000|100%| O|  |TAMS 0x0000000746e00000| PB 0x0000000746e00000| Untracked 
|  56|0x0000000747000000, 0x0000000747200000, 0x0000000747200000|100%| O|  |TAMS 0x0000000747000000| PB 0x0000000747000000| Untracked 
|  57|0x0000000747200000, 0x0000000747400000, 0x0000000747400000|100%| O|  |TAMS 0x0000000747200000| PB 0x0000000747200000| Untracked 
|  58|0x0000000747400000, 0x0000000747600000, 0x0000000747600000|100%| O|  |TAMS 0x0000000747400000| PB 0x0000000747400000| Untracked 
|  59|0x0000000747600000, 0x0000000747800000, 0x0000000747800000|100%| O|  |TAMS 0x0000000747600000| PB 0x0000000747600000| Untracked 
|  60|0x0000000747800000, 0x0000000747a00000, 0x0000000747a00000|100%| O|  |TAMS 0x0000000747800000| PB 0x0000000747800000| Untracked 
|  61|0x0000000747a00000, 0x0000000747c00000, 0x0000000747c00000|100%| O|  |TAMS 0x0000000747a00000| PB 0x0000000747a00000| Untracked 
|  62|0x0000000747c00000, 0x0000000747e00000, 0x0000000747e00000|100%| O|  |TAMS 0x0000000747c00000| PB 0x0000000747c00000| Untracked 
|  63|0x0000000747e00000, 0x0000000748000000, 0x0000000748000000|100%| O|  |TAMS 0x0000000747e00000| PB 0x0000000747e00000| Untracked 
|  64|0x0000000748000000, 0x0000000748200000, 0x0000000748200000|100%| O|  |TAMS 0x0000000748000000| PB 0x0000000748000000| Untracked 
|  65|0x0000000748200000, 0x0000000748400000, 0x0000000748400000|100%| O|  |TAMS 0x0000000748200000| PB 0x0000000748200000| Untracked 
|  66|0x0000000748400000, 0x0000000748400000, 0x0000000748600000|  0%| F|  |TAMS 0x0000000748400000| PB 0x0000000748400000| Untracked 
|  67|0x0000000748600000, 0x0000000748800000, 0x0000000748800000|100%| O|  |TAMS 0x0000000748600000| PB 0x0000000748600000| Untracked 
|  68|0x0000000748800000, 0x0000000748a00000, 0x0000000748a00000|100%| O|  |TAMS 0x0000000748800000| PB 0x0000000748800000| Untracked 
|  69|0x0000000748a00000, 0x0000000748c00000, 0x0000000748c00000|100%| O|  |TAMS 0x0000000748a00000| PB 0x0000000748a00000| Untracked 
|  70|0x0000000748c00000, 0x0000000748e00000, 0x0000000748e00000|100%| O|  |TAMS 0x0000000748c00000| PB 0x0000000748c00000| Untracked 
|  71|0x0000000748e00000, 0x0000000749000000, 0x0000000749000000|100%| O|  |TAMS 0x0000000748e00000| PB 0x0000000748e00000| Untracked 
|  72|0x0000000749000000, 0x0000000749200000, 0x0000000749200000|100%| O|  |TAMS 0x0000000749000000| PB 0x0000000749000000| Untracked 
|  73|0x0000000749200000, 0x0000000749400000, 0x0000000749400000|100%| O|  |TAMS 0x0000000749200000| PB 0x0000000749200000| Untracked 
|  74|0x0000000749400000, 0x0000000749600000, 0x0000000749600000|100%| O|  |TAMS 0x0000000749400000| PB 0x0000000749400000| Untracked 
|  75|0x0000000749600000, 0x0000000749800000, 0x0000000749800000|100%| O|  |TAMS 0x0000000749600000| PB 0x0000000749600000| Untracked 
|  76|0x0000000749800000, 0x0000000749800000, 0x0000000749a00000|  0%| F|  |TAMS 0x0000000749800000| PB 0x0000000749800000| Untracked 
|  77|0x0000000749a00000, 0x0000000749a00000, 0x0000000749c00000|  0%| F|  |TAMS 0x0000000749a00000| PB 0x0000000749a00000| Untracked 
|  78|0x0000000749c00000, 0x0000000749c00000, 0x0000000749e00000|  0%| F|  |TAMS 0x0000000749c00000| PB 0x0000000749c00000| Untracked 
|  79|0x0000000749e00000, 0x0000000749e00000, 0x000000074a000000|  0%| F|  |TAMS 0x0000000749e00000| PB 0x0000000749e00000| Untracked 
|  80|0x000000074a000000, 0x000000074a000000, 0x000000074a200000|  0%| F|  |TAMS 0x000000074a000000| PB 0x000000074a000000| Untracked 
|  81|0x000000074a200000, 0x000000074a383148, 0x000000074a400000| 75%| O|  |TAMS 0x000000074a200000| PB 0x000000074a200000| Untracked 
|  82|0x000000074a400000, 0x000000074a400000, 0x000000074a600000|  0%| F|  |TAMS 0x000000074a400000| PB 0x000000074a400000| Untracked 
|  83|0x000000074a600000, 0x000000074a600000, 0x000000074a800000|  0%| F|  |TAMS 0x000000074a600000| PB 0x000000074a600000| Untracked 
|  84|0x000000074a800000, 0x000000074a800000, 0x000000074aa00000|  0%| F|  |TAMS 0x000000074a800000| PB 0x000000074a800000| Untracked 
|  85|0x000000074aa00000, 0x000000074abefa78, 0x000000074ac00000| 96%| S|CS|TAMS 0x000000074aa00000| PB 0x000000074aa00000| Complete 
|  86|0x000000074ac00000, 0x000000074ae00000, 0x000000074ae00000|100%| S|CS|TAMS 0x000000074ac00000| PB 0x000000074ac00000| Complete 
|  87|0x000000074ae00000, 0x000000074ae00000, 0x000000074b000000|  0%| F|  |TAMS 0x000000074ae00000| PB 0x000000074ae00000| Untracked 
|  88|0x000000074b000000, 0x000000074b000000, 0x000000074b200000|  0%| F|  |TAMS 0x000000074b000000| PB 0x000000074b000000| Untracked 
|  89|0x000000074b200000, 0x000000074b200000, 0x000000074b400000|  0%| F|  |TAMS 0x000000074b200000| PB 0x000000074b200000| Untracked 
|  90|0x000000074b400000, 0x000000074b400000, 0x000000074b600000|  0%| F|  |TAMS 0x000000074b400000| PB 0x000000074b400000| Untracked 
|  91|0x000000074b600000, 0x000000074b600000, 0x000000074b800000|  0%| F|  |TAMS 0x000000074b600000| PB 0x000000074b600000| Untracked 
|  92|0x000000074b800000, 0x000000074ba00000, 0x000000074ba00000|100%| S|CS|TAMS 0x000000074b800000| PB 0x000000074b800000| Complete 
|  93|0x000000074ba00000, 0x000000074bc00000, 0x000000074bc00000|100%| S|CS|TAMS 0x000000074ba00000| PB 0x000000074ba00000| Complete 
|  94|0x000000074bc00000, 0x000000074be00000, 0x000000074be00000|100%| S|CS|TAMS 0x000000074bc00000| PB 0x000000074bc00000| Complete 
|  95|0x000000074be00000, 0x000000074be00000, 0x000000074c000000|  0%| F|  |TAMS 0x000000074be00000| PB 0x000000074be00000| Untracked 
|  96|0x000000074c000000, 0x000000074c000000, 0x000000074c200000|  0%| F|  |TAMS 0x000000074c000000| PB 0x000000074c000000| Untracked 
|  97|0x000000074c200000, 0x000000074c200000, 0x000000074c400000|  0%| F|  |TAMS 0x000000074c200000| PB 0x000000074c200000| Untracked 
|  98|0x000000074c400000, 0x000000074c400000, 0x000000074c600000|  0%| F|  |TAMS 0x000000074c400000| PB 0x000000074c400000| Untracked 
|  99|0x000000074c600000, 0x000000074c600000, 0x000000074c800000|  0%| F|  |TAMS 0x000000074c600000| PB 0x000000074c600000| Untracked 
| 100|0x000000074c800000, 0x000000074c800000, 0x000000074ca00000|  0%| F|  |TAMS 0x000000074c800000| PB 0x000000074c800000| Untracked 
| 101|0x000000074ca00000, 0x000000074ca00000, 0x000000074cc00000|  0%| F|  |TAMS 0x000000074ca00000| PB 0x000000074ca00000| Untracked 
| 102|0x000000074cc00000, 0x000000074cc00000, 0x000000074ce00000|  0%| F|  |TAMS 0x000000074cc00000| PB 0x000000074cc00000| Untracked 
| 103|0x000000074ce00000, 0x000000074ce00000, 0x000000074d000000|  0%| F|  |TAMS 0x000000074ce00000| PB 0x000000074ce00000| Untracked 
| 104|0x000000074d000000, 0x000000074d000000, 0x000000074d200000|  0%| F|  |TAMS 0x000000074d000000| PB 0x000000074d000000| Untracked 
| 105|0x000000074d200000, 0x000000074d200000, 0x000000074d400000|  0%| F|  |TAMS 0x000000074d200000| PB 0x000000074d200000| Untracked 
| 106|0x000000074d400000, 0x000000074d400000, 0x000000074d600000|  0%| F|  |TAMS 0x000000074d400000| PB 0x000000074d400000| Untracked 
| 107|0x000000074d600000, 0x000000074d600000, 0x000000074d800000|  0%| F|  |TAMS 0x000000074d600000| PB 0x000000074d600000| Untracked 
| 108|0x000000074d800000, 0x000000074d800000, 0x000000074da00000|  0%| F|  |TAMS 0x000000074d800000| PB 0x000000074d800000| Untracked 
| 109|0x000000074da00000, 0x000000074da00000, 0x000000074dc00000|  0%| F|  |TAMS 0x000000074da00000| PB 0x000000074da00000| Untracked 
| 110|0x000000074dc00000, 0x000000074dc00000, 0x000000074de00000|  0%| F|  |TAMS 0x000000074dc00000| PB 0x000000074dc00000| Untracked 
| 111|0x000000074de00000, 0x000000074de00000, 0x000000074e000000|  0%| F|  |TAMS 0x000000074de00000| PB 0x000000074de00000| Untracked 
| 112|0x000000074e000000, 0x000000074e000000, 0x000000074e200000|  0%| F|  |TAMS 0x000000074e000000| PB 0x000000074e000000| Untracked 
| 113|0x000000074e200000, 0x000000074e200000, 0x000000074e400000|  0%| F|  |TAMS 0x000000074e200000| PB 0x000000074e200000| Untracked 
| 114|0x000000074e400000, 0x000000074e400000, 0x000000074e600000|  0%| F|  |TAMS 0x000000074e400000| PB 0x000000074e400000| Untracked 
| 115|0x000000074e600000, 0x000000074e600000, 0x000000074e800000|  0%| F|  |TAMS 0x000000074e600000| PB 0x000000074e600000| Untracked 
| 116|0x000000074e800000, 0x000000074e800000, 0x000000074ea00000|  0%| F|  |TAMS 0x000000074e800000| PB 0x000000074e800000| Untracked 
| 117|0x000000074ea00000, 0x000000074ea00000, 0x000000074ec00000|  0%| F|  |TAMS 0x000000074ea00000| PB 0x000000074ea00000| Untracked 
| 118|0x000000074ec00000, 0x000000074ec00000, 0x000000074ee00000|  0%| F|  |TAMS 0x000000074ec00000| PB 0x000000074ec00000| Untracked 
| 119|0x000000074ee00000, 0x000000074ee00000, 0x000000074f000000|  0%| F|  |TAMS 0x000000074ee00000| PB 0x000000074ee00000| Untracked 
| 120|0x000000074f000000, 0x000000074f000000, 0x000000074f200000|  0%| F|  |TAMS 0x000000074f000000| PB 0x000000074f000000| Untracked 
| 121|0x000000074f200000, 0x000000074f200000, 0x000000074f400000|  0%| F|  |TAMS 0x000000074f200000| PB 0x000000074f200000| Untracked 
| 122|0x000000074f400000, 0x000000074f400000, 0x000000074f600000|  0%| F|  |TAMS 0x000000074f400000| PB 0x000000074f400000| Untracked 
| 123|0x000000074f600000, 0x000000074f600000, 0x000000074f800000|  0%| F|  |TAMS 0x000000074f600000| PB 0x000000074f600000| Untracked 
| 124|0x000000074f800000, 0x000000074f800000, 0x000000074fa00000|  0%| F|  |TAMS 0x000000074f800000| PB 0x000000074f800000| Untracked 
| 125|0x000000074fa00000, 0x000000074fa00000, 0x000000074fc00000|  0%| F|  |TAMS 0x000000074fa00000| PB 0x000000074fa00000| Untracked 
| 126|0x000000074fc00000, 0x000000074fc00000, 0x000000074fe00000|  0%| F|  |TAMS 0x000000074fc00000| PB 0x000000074fc00000| Untracked 
| 127|0x000000074fe00000, 0x000000074fe00000, 0x0000000750000000|  0%| F|  |TAMS 0x000000074fe00000| PB 0x000000074fe00000| Untracked 
| 128|0x0000000750000000, 0x0000000750000000, 0x0000000750200000|  0%| F|  |TAMS 0x0000000750000000| PB 0x0000000750000000| Untracked 
| 129|0x0000000750200000, 0x0000000750200000, 0x0000000750400000|  0%| F|  |TAMS 0x0000000750200000| PB 0x0000000750200000| Untracked 
| 130|0x0000000750400000, 0x0000000750400000, 0x0000000750600000|  0%| F|  |TAMS 0x0000000750400000| PB 0x0000000750400000| Untracked 
| 131|0x0000000750600000, 0x0000000750600000, 0x0000000750800000|  0%| F|  |TAMS 0x0000000750600000| PB 0x0000000750600000| Untracked 
| 132|0x0000000750800000, 0x0000000750800000, 0x0000000750a00000|  0%| F|  |TAMS 0x0000000750800000| PB 0x0000000750800000| Untracked 
| 133|0x0000000750a00000, 0x0000000750a00000, 0x0000000750c00000|  0%| F|  |TAMS 0x0000000750a00000| PB 0x0000000750a00000| Untracked 
| 134|0x0000000750c00000, 0x0000000750c00000, 0x0000000750e00000|  0%| F|  |TAMS 0x0000000750c00000| PB 0x0000000750c00000| Untracked 
| 135|0x0000000750e00000, 0x0000000750e00000, 0x0000000751000000|  0%| F|  |TAMS 0x0000000750e00000| PB 0x0000000750e00000| Untracked 
| 136|0x0000000751000000, 0x0000000751000000, 0x0000000751200000|  0%| F|  |TAMS 0x0000000751000000| PB 0x0000000751000000| Untracked 
| 137|0x0000000751200000, 0x0000000751200000, 0x0000000751400000|  0%| F|  |TAMS 0x0000000751200000| PB 0x0000000751200000| Untracked 
| 138|0x0000000751400000, 0x0000000751400000, 0x0000000751600000|  0%| F|  |TAMS 0x0000000751400000| PB 0x0000000751400000| Untracked 
| 139|0x0000000751600000, 0x0000000751600000, 0x0000000751800000|  0%| F|  |TAMS 0x0000000751600000| PB 0x0000000751600000| Untracked 
| 140|0x0000000751800000, 0x0000000751800000, 0x0000000751a00000|  0%| F|  |TAMS 0x0000000751800000| PB 0x0000000751800000| Untracked 
| 141|0x0000000751a00000, 0x0000000751a00000, 0x0000000751c00000|  0%| F|  |TAMS 0x0000000751a00000| PB 0x0000000751a00000| Untracked 
| 142|0x0000000751c00000, 0x0000000751c00000, 0x0000000751e00000|  0%| F|  |TAMS 0x0000000751c00000| PB 0x0000000751c00000| Untracked 
| 143|0x0000000751e00000, 0x0000000751e00000, 0x0000000752000000|  0%| F|  |TAMS 0x0000000751e00000| PB 0x0000000751e00000| Untracked 
| 144|0x0000000752000000, 0x0000000752000000, 0x0000000752200000|  0%| F|  |TAMS 0x0000000752000000| PB 0x0000000752000000| Untracked 
| 145|0x0000000752200000, 0x0000000752200000, 0x0000000752400000|  0%| F|  |TAMS 0x0000000752200000| PB 0x0000000752200000| Untracked 
| 146|0x0000000752400000, 0x0000000752400000, 0x0000000752600000|  0%| F|  |TAMS 0x0000000752400000| PB 0x0000000752400000| Untracked 
| 147|0x0000000752600000, 0x0000000752600000, 0x0000000752800000|  0%| F|  |TAMS 0x0000000752600000| PB 0x0000000752600000| Untracked 
| 148|0x0000000752800000, 0x0000000752800000, 0x0000000752a00000|  0%| F|  |TAMS 0x0000000752800000| PB 0x0000000752800000| Untracked 
| 149|0x0000000752a00000, 0x0000000752a00000, 0x0000000752c00000|  0%| F|  |TAMS 0x0000000752a00000| PB 0x0000000752a00000| Untracked 
| 150|0x0000000752c00000, 0x0000000752c00000, 0x0000000752e00000|  0%| F|  |TAMS 0x0000000752c00000| PB 0x0000000752c00000| Untracked 
| 151|0x0000000752e00000, 0x0000000752e00000, 0x0000000753000000|  0%| F|  |TAMS 0x0000000752e00000| PB 0x0000000752e00000| Untracked 
| 152|0x0000000753000000, 0x0000000753000000, 0x0000000753200000|  0%| F|  |TAMS 0x0000000753000000| PB 0x0000000753000000| Untracked 
| 153|0x0000000753200000, 0x0000000753200000, 0x0000000753400000|  0%| F|  |TAMS 0x0000000753200000| PB 0x0000000753200000| Untracked 
| 154|0x0000000753400000, 0x0000000753400000, 0x0000000753600000|  0%| F|  |TAMS 0x0000000753400000| PB 0x0000000753400000| Untracked 
| 155|0x0000000753600000, 0x0000000753600000, 0x0000000753800000|  0%| F|  |TAMS 0x0000000753600000| PB 0x0000000753600000| Untracked 
| 156|0x0000000753800000, 0x0000000753800000, 0x0000000753a00000|  0%| F|  |TAMS 0x0000000753800000| PB 0x0000000753800000| Untracked 
| 157|0x0000000753a00000, 0x0000000753a00000, 0x0000000753c00000|  0%| F|  |TAMS 0x0000000753a00000| PB 0x0000000753a00000| Untracked 
| 158|0x0000000753c00000, 0x0000000753c00000, 0x0000000753e00000|  0%| F|  |TAMS 0x0000000753c00000| PB 0x0000000753c00000| Untracked 
| 159|0x0000000753e00000, 0x0000000753e00000, 0x0000000754000000|  0%| F|  |TAMS 0x0000000753e00000| PB 0x0000000753e00000| Untracked 
| 160|0x0000000754000000, 0x0000000754000000, 0x0000000754200000|  0%| F|  |TAMS 0x0000000754000000| PB 0x0000000754000000| Untracked 
| 161|0x0000000754200000, 0x0000000754200000, 0x0000000754400000|  0%| F|  |TAMS 0x0000000754200000| PB 0x0000000754200000| Untracked 
| 162|0x0000000754400000, 0x0000000754400000, 0x0000000754600000|  0%| F|  |TAMS 0x0000000754400000| PB 0x0000000754400000| Untracked 
| 163|0x0000000754600000, 0x0000000754600000, 0x0000000754800000|  0%| F|  |TAMS 0x0000000754600000| PB 0x0000000754600000| Untracked 
| 164|0x0000000754800000, 0x0000000754800000, 0x0000000754a00000|  0%| F|  |TAMS 0x0000000754800000| PB 0x0000000754800000| Untracked 
| 165|0x0000000754a00000, 0x0000000754a00000, 0x0000000754c00000|  0%| F|  |TAMS 0x0000000754a00000| PB 0x0000000754a00000| Untracked 
| 166|0x0000000754c00000, 0x0000000754c00000, 0x0000000754e00000|  0%| F|  |TAMS 0x0000000754c00000| PB 0x0000000754c00000| Untracked 
| 167|0x0000000754e00000, 0x0000000754e00000, 0x0000000755000000|  0%| F|  |TAMS 0x0000000754e00000| PB 0x0000000754e00000| Untracked 
| 168|0x0000000755000000, 0x0000000755000000, 0x0000000755200000|  0%| F|  |TAMS 0x0000000755000000| PB 0x0000000755000000| Untracked 
| 169|0x0000000755200000, 0x0000000755200000, 0x0000000755400000|  0%| F|  |TAMS 0x0000000755200000| PB 0x0000000755200000| Untracked 
| 170|0x0000000755400000, 0x0000000755400000, 0x0000000755600000|  0%| F|  |TAMS 0x0000000755400000| PB 0x0000000755400000| Untracked 
| 171|0x0000000755600000, 0x0000000755600000, 0x0000000755800000|  0%| F|  |TAMS 0x0000000755600000| PB 0x0000000755600000| Untracked 
| 172|0x0000000755800000, 0x0000000755800000, 0x0000000755a00000|  0%| F|  |TAMS 0x0000000755800000| PB 0x0000000755800000| Untracked 
| 173|0x0000000755a00000, 0x0000000755a00000, 0x0000000755c00000|  0%| F|  |TAMS 0x0000000755a00000| PB 0x0000000755a00000| Untracked 
| 174|0x0000000755c00000, 0x0000000755c00000, 0x0000000755e00000|  0%| F|  |TAMS 0x0000000755c00000| PB 0x0000000755c00000| Untracked 
| 175|0x0000000755e00000, 0x0000000755e00000, 0x0000000756000000|  0%| F|  |TAMS 0x0000000755e00000| PB 0x0000000755e00000| Untracked 
| 176|0x0000000756000000, 0x0000000756000000, 0x0000000756200000|  0%| F|  |TAMS 0x0000000756000000| PB 0x0000000756000000| Untracked 
| 177|0x0000000756200000, 0x0000000756200000, 0x0000000756400000|  0%| F|  |TAMS 0x0000000756200000| PB 0x0000000756200000| Untracked 
| 178|0x0000000756400000, 0x0000000756400000, 0x0000000756600000|  0%| F|  |TAMS 0x0000000756400000| PB 0x0000000756400000| Untracked 
| 179|0x0000000756600000, 0x0000000756600000, 0x0000000756800000|  0%| F|  |TAMS 0x0000000756600000| PB 0x0000000756600000| Untracked 
| 180|0x0000000756800000, 0x0000000756800000, 0x0000000756a00000|  0%| F|  |TAMS 0x0000000756800000| PB 0x0000000756800000| Untracked 
| 181|0x0000000756a00000, 0x0000000756a00000, 0x0000000756c00000|  0%| F|  |TAMS 0x0000000756a00000| PB 0x0000000756a00000| Untracked 
| 182|0x0000000756c00000, 0x0000000756c00000, 0x0000000756e00000|  0%| F|  |TAMS 0x0000000756c00000| PB 0x0000000756c00000| Untracked 
| 183|0x0000000756e00000, 0x0000000756e00000, 0x0000000757000000|  0%| F|  |TAMS 0x0000000756e00000| PB 0x0000000756e00000| Untracked 
| 184|0x0000000757000000, 0x0000000757000000, 0x0000000757200000|  0%| F|  |TAMS 0x0000000757000000| PB 0x0000000757000000| Untracked 
| 185|0x0000000757200000, 0x0000000757200000, 0x0000000757400000|  0%| F|  |TAMS 0x0000000757200000| PB 0x0000000757200000| Untracked 
| 186|0x0000000757400000, 0x0000000757400000, 0x0000000757600000|  0%| F|  |TAMS 0x0000000757400000| PB 0x0000000757400000| Untracked 
| 187|0x0000000757600000, 0x0000000757600000, 0x0000000757800000|  0%| F|  |TAMS 0x0000000757600000| PB 0x0000000757600000| Untracked 
| 188|0x0000000757800000, 0x0000000757800000, 0x0000000757a00000|  0%| F|  |TAMS 0x0000000757800000| PB 0x0000000757800000| Untracked 
| 189|0x0000000757a00000, 0x0000000757a00000, 0x0000000757c00000|  0%| F|  |TAMS 0x0000000757a00000| PB 0x0000000757a00000| Untracked 
| 190|0x0000000757c00000, 0x0000000757c00000, 0x0000000757e00000|  0%| F|  |TAMS 0x0000000757c00000| PB 0x0000000757c00000| Untracked 
| 191|0x0000000757e00000, 0x0000000757e00000, 0x0000000758000000|  0%| F|  |TAMS 0x0000000757e00000| PB 0x0000000757e00000| Untracked 
| 192|0x0000000758000000, 0x0000000758000000, 0x0000000758200000|  0%| F|  |TAMS 0x0000000758000000| PB 0x0000000758000000| Untracked 
| 193|0x0000000758200000, 0x0000000758200000, 0x0000000758400000|  0%| F|  |TAMS 0x0000000758200000| PB 0x0000000758200000| Untracked 
| 194|0x0000000758400000, 0x0000000758400000, 0x0000000758600000|  0%| F|  |TAMS 0x0000000758400000| PB 0x0000000758400000| Untracked 
| 195|0x0000000758600000, 0x0000000758600000, 0x0000000758800000|  0%| F|  |TAMS 0x0000000758600000| PB 0x0000000758600000| Untracked 
| 196|0x0000000758800000, 0x0000000758800000, 0x0000000758a00000|  0%| F|  |TAMS 0x0000000758800000| PB 0x0000000758800000| Untracked 
| 197|0x0000000758a00000, 0x0000000758a00000, 0x0000000758c00000|  0%| F|  |TAMS 0x0000000758a00000| PB 0x0000000758a00000| Untracked 
| 198|0x0000000758c00000, 0x0000000758e00000, 0x0000000758e00000|100%| E|  |TAMS 0x0000000758c00000| PB 0x0000000758c00000| Complete 
| 199|0x0000000758e00000, 0x0000000759000000, 0x0000000759000000|100%| E|CS|TAMS 0x0000000758e00000| PB 0x0000000758e00000| Complete 
| 200|0x0000000759000000, 0x0000000759200000, 0x0000000759200000|100%| E|CS|TAMS 0x0000000759000000| PB 0x0000000759000000| Complete 
| 201|0x0000000759200000, 0x0000000759400000, 0x0000000759400000|100%| E|CS|TAMS 0x0000000759200000| PB 0x0000000759200000| Complete 
| 202|0x0000000759400000, 0x0000000759600000, 0x0000000759600000|100%| E|CS|TAMS 0x0000000759400000| PB 0x0000000759400000| Complete 
| 203|0x0000000759600000, 0x0000000759800000, 0x0000000759800000|100%| E|CS|TAMS 0x0000000759600000| PB 0x0000000759600000| Complete 
| 204|0x0000000759800000, 0x0000000759a00000, 0x0000000759a00000|100%| E|CS|TAMS 0x0000000759800000| PB 0x0000000759800000| Complete 
| 205|0x0000000759a00000, 0x0000000759c00000, 0x0000000759c00000|100%| E|CS|TAMS 0x0000000759a00000| PB 0x0000000759a00000| Complete 
|1524|0x00000007fe800000, 0x00000007fea00000, 0x00000007fea00000|100%| O|  |TAMS 0x00000007fe800000| PB 0x00000007fe800000| Untracked 
|1525|0x00000007fea00000, 0x00000007fec00000, 0x00000007fec00000|100%| O|  |TAMS 0x00000007fea00000| PB 0x00000007fea00000| Untracked 
|1526|0x00000007fec00000, 0x00000007fee00000, 0x00000007fee00000|100%| O|  |TAMS 0x00000007fec00000| PB 0x00000007fec00000| Untracked 
|1527|0x00000007fee00000, 0x00000007ff000000, 0x00000007ff000000|100%| O|  |TAMS 0x00000007fee00000| PB 0x00000007fee00000| Untracked 
|1528|0x00000007ff000000, 0x00000007ff200000, 0x00000007ff200000|100%| E|CS|TAMS 0x00000007ff000000| PB 0x00000007ff000000| Complete 
|1529|0x00000007ff200000, 0x00000007ff400000, 0x00000007ff400000|100%| E|CS|TAMS 0x00000007ff200000| PB 0x00000007ff200000| Complete 
|1530|0x00000007ff400000, 0x00000007ff600000, 0x00000007ff600000|100%| E|CS|TAMS 0x00000007ff400000| PB 0x00000007ff400000| Complete 
|1531|0x00000007ff600000, 0x00000007ff800000, 0x00000007ff800000|100%| O|  |TAMS 0x00000007ff600000| PB 0x00000007ff600000| Untracked 
|1532|0x00000007ff800000, 0x00000007ffa00000, 0x00000007ffa00000|100%| O|  |TAMS 0x00000007ff800000| PB 0x00000007ff800000| Untracked 
|1533|0x00000007ffa00000, 0x00000007ffc00000, 0x00000007ffc00000|100%| O|  |TAMS 0x00000007ffa00000| PB 0x00000007ffa00000| Untracked 
|1534|0x00000007ffc00000, 0x00000007ffe00000, 0x00000007ffe00000|100%| O|  |TAMS 0x00000007ffc00000| PB 0x00000007ffc00000| Untracked 
|1535|0x00000007ffe00000, 0x0000000800000000, 0x0000000800000000|100%| O|  |TAMS 0x00000007ffe00000| PB 0x00000007ffe00000| Untracked 

Card table byte_map: [0x0000020e1c510000,0x0000020e1cb10000] _byte_map_base: 0x0000020e18b10000

Marking Bits: (CMBitMap*) 0x0000020e098be000
 Bits: [0x0000020e1cb10000, 0x0000020e1fb10000)

Polling page: 0x0000020e07610000

Metaspace:

Usage:
  Non-class:    124.37 MB used.
      Class:     21.16 MB used.
       Both:    145.53 MB used.

Virtual space:
  Non-class space:      128.00 MB reserved,     125.62 MB ( 98%) committed,  2 nodes.
      Class space:        1.00 GB reserved,      22.31 MB (  2%) committed,  1 nodes.
             Both:        1.12 GB reserved,     147.94 MB ( 13%) committed. 

Chunk freelists:
   Non-Class:  1.55 MB
       Class:  9.70 MB
        Both:  11.25 MB

MaxMetaspaceSize: unlimited
CompressedClassSpaceSize: 1.00 GB
Initial GC threshold: 21.00 MB
Current GC threshold: 240.12 MB
CDS: off
 - commit_granule_bytes: 65536.
 - commit_granule_words: 8192.
 - virtual_space_node_default_size: 8388608.
 - enlarge_chunks_in_place: 1.
 - use_allocation_guard: 0.


Internal statistics:

num_allocs_failed_limit: 12.
num_arena_births: 4914.
num_arena_deaths: 54.
num_vsnodes_births: 3.
num_vsnodes_deaths: 0.
num_space_committed: 2365.
num_space_uncommitted: 0.
num_chunks_returned_to_freelist: 89.
num_chunks_taken_from_freelist: 11298.
num_chunk_merges: 44.
num_chunk_splits: 7491.
num_chunks_enlarged: 4882.
num_inconsistent_stats: 0.

CodeHeap 'non-profiled nmethods': size=120000Kb used=11411Kb max_used=11411Kb free=108588Kb
 bounds [0x0000020e14490000, 0x0000020e14fc0000, 0x0000020e1b9c0000]
CodeHeap 'profiled nmethods': size=120000Kb used=34404Kb max_used=34404Kb free=85595Kb
 bounds [0x0000020e0c9c0000, 0x0000020e0eb60000, 0x0000020e13ef0000]
CodeHeap 'non-nmethods': size=5760Kb used=2082Kb max_used=2155Kb free=3677Kb
 bounds [0x0000020e13ef0000, 0x0000020e14160000, 0x0000020e14490000]
CodeCache: size=245760Kb, used=47897Kb, max_used=47970Kb, free=197860Kb
 total_blobs=18474, nmethods=17528, adapters=849, full_count=0
Compilation: enabled, stopped_count=0, restarted_count=0

Compilation events (20 events):
Event: 20.983 Thread 0x0000020e2299fc80 nmethod 20910 0x0000020e0eb15610 code [0x0000020e0eb15860, 0x0000020e0eb16330]
Event: 20.983 Thread 0x0000020e2299fc80 20909       3       com.android.tools.r8.dex.z::a (77 bytes)
Event: 20.983 Thread 0x0000020e2299fc80 nmethod 20909 0x0000020e0eb16710 code [0x0000020e0eb16920, 0x0000020e0eb16ec8]
Event: 20.983 Thread 0x0000020e2299fc80 20916       3       com.android.tools.r8.internal.bf0::a (25 bytes)
Event: 20.984 Thread 0x0000020e2299fc80 nmethod 20916 0x0000020e0eb17110 code [0x0000020e0eb172e0, 0x0000020e0eb176e0]
Event: 20.984 Thread 0x0000020e2299fc80 20918       3       com.android.tools.r8.internal.bd0::a (16 bytes)
Event: 20.984 Thread 0x0000020e2299fc80 nmethod 20918 0x0000020e0eb17890 code [0x0000020e0eb17a40, 0x0000020e0eb17c98]
Event: 20.984 Thread 0x0000020e2299fc80 20919       3       com.android.tools.r8.internal.ue0::a (12 bytes)
Event: 20.984 Thread 0x0000020e2299fc80 nmethod 20919 0x0000020e0eb17d90 code [0x0000020e0eb17f60, 0x0000020e0eb18258]
Event: 20.984 Thread 0x0000020e2299fc80 20870       3       com.android.tools.r8.graph.i2::N (23 bytes)
Event: 20.984 Thread 0x0000020e2299fc80 nmethod 20870 0x0000020e0eb18390 code [0x0000020e0eb18540, 0x0000020e0eb18720]
Event: 20.984 Thread 0x0000020e2299fc80 20920       2       com.android.tools.r8.internal.dl0::a (36 bytes)
Event: 20.984 Thread 0x0000020e2299fc80 nmethod 20920 0x0000020e0eb18810 code [0x0000020e0eb18a00, 0x0000020e0eb18cc0]
Event: 20.984 Thread 0x0000020e2299fc80 20921       2       com.android.tools.r8.internal.kh0::a (104 bytes)
Event: 20.985 Thread 0x0000020e2299fc80 nmethod 20921 0x0000020e0eb18f10 code [0x0000020e0eb19100, 0x0000020e0eb19438]
Event: 20.985 Thread 0x0000020e2299fc80 20888       3       com.android.tools.r8.graph.q6$m::a (47 bytes)
Event: 20.986 Thread 0x0000020e2299fc80 nmethod 20888 0x0000020e0eb19710 code [0x0000020e0eb199c0, 0x0000020e0eb1a570]
Event: 20.986 Thread 0x0000020e2299fc80 20913       3       com.android.tools.r8.internal.pf0::hashCode (31 bytes)
Event: 20.986 Thread 0x0000020e2299fc80 nmethod 20913 0x0000020e0eb1ab10 code [0x0000020e0eb1ace0, 0x0000020e0eb1af60]
Event: 20.986 Thread 0x0000020e2299fc80 20852       2       com.android.tools.r8.dex.z::h (919 bytes)

GC Heap History (20 events):
Event: 16.520 GC heap before
{Heap before GC invocations=47 (full 0):
 garbage-first heap   total 251904K, used 230046K [0x0000000740000000, 0x0000000800000000)
  region size 2048K, 52 young (106496K), 5 survivors (10240K)
 Metaspace       used 123394K, committed 125824K, reserved 1179648K
  class space    used 17348K, committed 18560K, reserved 1048576K
}
Event: 16.527 GC heap after
{Heap after GC invocations=48 (full 0):
 garbage-first heap   total 251904K, used 144912K [0x0000000740000000, 0x0000000800000000)
  region size 2048K, 7 young (14336K), 7 survivors (14336K)
 Metaspace       used 123394K, committed 125824K, reserved 1179648K
  class space    used 17348K, committed 18560K, reserved 1048576K
}
Event: 17.228 GC heap before
{Heap before GC invocations=48 (full 0):
 garbage-first heap   total 251904K, used 226832K [0x0000000740000000, 0x0000000800000000)
  region size 2048K, 47 young (96256K), 7 survivors (14336K)
 Metaspace       used 131196K, committed 133632K, reserved 1179648K
  class space    used 18691K, committed 19904K, reserved 1048576K
}
Event: 17.236 GC heap after
{Heap after GC invocations=49 (full 0):
 garbage-first heap   total 253952K, used 150488K [0x0000000740000000, 0x0000000800000000)
  region size 2048K, 4 young (8192K), 4 survivors (8192K)
 Metaspace       used 131196K, committed 133632K, reserved 1179648K
  class space    used 18691K, committed 19904K, reserved 1048576K
}
Event: 17.463 GC heap before
{Heap before GC invocations=49 (full 0):
 garbage-first heap   total 253952K, used 230360K [0x0000000740000000, 0x0000000800000000)
  region size 2048K, 43 young (88064K), 4 survivors (8192K)
 Metaspace       used 135842K, committed 138240K, reserved 1179648K
  class space    used 19663K, committed 20864K, reserved 1048576K
}
Event: 17.470 GC heap after
{Heap after GC invocations=50 (full 0):
 garbage-first heap   total 253952K, used 159645K [0x0000000740000000, 0x0000000800000000)
  region size 2048K, 6 young (12288K), 6 survivors (12288K)
 Metaspace       used 135842K, committed 138240K, reserved 1179648K
  class space    used 19663K, committed 20864K, reserved 1048576K
}
Event: 17.823 GC heap before
{Heap before GC invocations=51 (full 0):
 garbage-first heap   total 266240K, used 229277K [0x0000000740000000, 0x0000000800000000)
  region size 2048K, 41 young (83968K), 6 survivors (12288K)
 Metaspace       used 140102K, committed 142592K, reserved 1179648K
  class space    used 20466K, committed 21696K, reserved 1048576K
}
Event: 17.834 GC heap after
{Heap after GC invocations=52 (full 0):
 garbage-first heap   total 266240K, used 169846K [0x0000000740000000, 0x0000000800000000)
  region size 2048K, 5 young (10240K), 5 survivors (10240K)
 Metaspace       used 140102K, committed 142592K, reserved 1179648K
  class space    used 20466K, committed 21696K, reserved 1048576K
}
Event: 18.129 GC heap before
{Heap before GC invocations=52 (full 0):
 garbage-first heap   total 266240K, used 241526K [0x0000000740000000, 0x0000000800000000)
  region size 2048K, 40 young (81920K), 5 survivors (10240K)
 Metaspace       used 143915K, committed 146368K, reserved 1179648K
  class space    used 21031K, committed 22208K, reserved 1048576K
}
Event: 18.137 GC heap after
{Heap after GC invocations=53 (full 0):
 garbage-first heap   total 266240K, used 173350K [0x0000000740000000, 0x0000000800000000)
  region size 2048K, 3 young (6144K), 3 survivors (6144K)
 Metaspace       used 143915K, committed 146368K, reserved 1179648K
  class space    used 21031K, committed 22208K, reserved 1048576K
}
Event: 18.266 GC heap before
{Heap before GC invocations=53 (full 0):
 garbage-first heap   total 266240K, used 242982K [0x0000000740000000, 0x0000000800000000)
  region size 2048K, 37 young (75776K), 3 survivors (6144K)
 Metaspace       used 144873K, committed 147328K, reserved 1179648K
  class space    used 21154K, committed 22336K, reserved 1048576K
}
Event: 18.271 GC heap after
{Heap after GC invocations=54 (full 0):
 garbage-first heap   total 266240K, used 177056K [0x0000000740000000, 0x0000000800000000)
  region size 2048K, 5 young (10240K), 5 survivors (10240K)
 Metaspace       used 144873K, committed 147328K, reserved 1179648K
  class space    used 21154K, committed 22336K, reserved 1048576K
}
Event: 18.423 GC heap before
{Heap before GC invocations=54 (full 0):
 garbage-first heap   total 301056K, used 244640K [0x0000000740000000, 0x0000000800000000)
  region size 2048K, 38 young (77824K), 5 survivors (10240K)
 Metaspace       used 145044K, committed 147520K, reserved 1179648K
  class space    used 21147K, committed 22336K, reserved 1048576K
}
Event: 18.432 GC heap after
{Heap after GC invocations=55 (full 0):
 garbage-first heap   total 446464K, used 182025K [0x0000000740000000, 0x0000000800000000)
  region size 2048K, 5 young (10240K), 5 survivors (10240K)
 Metaspace       used 145044K, committed 147520K, reserved 1179648K
  class space    used 21147K, committed 22336K, reserved 1048576K
}
Event: 18.951 GC heap before
{Heap before GC invocations=56 (full 0):
 garbage-first heap   total 446464K, used 395017K [0x0000000740000000, 0x0000000800000000)
  region size 2048K, 109 young (223232K), 5 survivors (10240K)
 Metaspace       used 145690K, committed 148096K, reserved 1179648K
  class space    used 21242K, committed 22400K, reserved 1048576K
}
Event: 18.957 GC heap after
{Heap after GC invocations=57 (full 0):
 garbage-first heap   total 446464K, used 180853K [0x0000000740000000, 0x0000000800000000)
  region size 2048K, 5 young (10240K), 5 survivors (10240K)
 Metaspace       used 145690K, committed 148096K, reserved 1179648K
  class space    used 21242K, committed 22400K, reserved 1048576K
}
Event: 19.511 GC heap before
{Heap before GC invocations=57 (full 0):
 garbage-first heap   total 446464K, used 410229K [0x0000000740000000, 0x0000000800000000)
  region size 2048K, 117 young (239616K), 5 survivors (10240K)
 Metaspace       used 146692K, committed 149184K, reserved 1179648K
  class space    used 21393K, committed 22592K, reserved 1048576K
}
Event: 19.516 GC heap after
{Heap after GC invocations=58 (full 0):
 garbage-first heap   total 446464K, used 181759K [0x0000000740000000, 0x0000000800000000)
  region size 2048K, 5 young (10240K), 5 survivors (10240K)
 Metaspace       used 146692K, committed 149184K, reserved 1179648K
  class space    used 21393K, committed 22592K, reserved 1048576K
}
Event: 20.913 GC heap before
{Heap before GC invocations=58 (full 0):
 garbage-first heap   total 446464K, used 423423K [0x0000000740000000, 0x0000000800000000)
  region size 2048K, 119 young (243712K), 5 survivors (10240K)
 Metaspace       used 148656K, committed 151104K, reserved 1179648K
  class space    used 21600K, committed 22784K, reserved 1048576K
}
Event: 20.921 GC heap after
{Heap after GC invocations=59 (full 0):
 garbage-first heap   total 446464K, used 179658K [0x0000000740000000, 0x0000000800000000)
  region size 2048K, 5 young (10240K), 5 survivors (10240K)
 Metaspace       used 148656K, committed 151104K, reserved 1179648K
  class space    used 21600K, committed 22784K, reserved 1048576K
}

Dll operation events (3 events):
Event: 0.005 Loaded shared library C:\Program Files\Android\Android Studio\jbr\bin\java.dll
Event: 0.008 Loaded shared library C:\Program Files\Android\Android Studio\jbr\bin\zip.dll
Event: 0.539 Loaded shared library C:\Program Files\Android\Android Studio\jbr\bin\verify.dll

Deoptimization events (20 events):
Event: 20.927 Thread 0x0000020e35595d40 DEOPT PACKING pc=0x0000020e14ebdab8 sp=0x000000b48a7fd230
Event: 20.927 Thread 0x0000020e35595d40 DEOPT UNPACKING pc=0x0000020e13f44422 sp=0x000000b48a7fd1b8 mode 2
Event: 20.967 Thread 0x0000020e35599850 Uncommon trap: trap_request=0xffffff45 fr.pc=0x0000020e14e34310 relative=0x0000000000000070
Event: 20.967 Thread 0x0000020e35599850 Uncommon trap: reason=unstable_if action=reinterpret pc=0x0000020e14e34310 method=com.android.tools.r8.internal.vk1$f.b()Z @ 4 c2
Event: 20.967 Thread 0x0000020e35599850 DEOPT PACKING pc=0x0000020e14e34310 sp=0x000000b48aafd830
Event: 20.967 Thread 0x0000020e35599850 DEOPT UNPACKING pc=0x0000020e13f44422 sp=0x000000b48aafd7b8 mode 2
Event: 20.967 Thread 0x0000020e35599850 Uncommon trap: trap_request=0xffffff45 fr.pc=0x0000020e14ed2058 relative=0x00000000000000b8
Event: 20.967 Thread 0x0000020e35599850 Uncommon trap: reason=unstable_if action=reinterpret pc=0x0000020e14ed2058 method=com.android.tools.r8.internal.vk1$f.b()Z @ 4 c2
Event: 20.967 Thread 0x0000020e35599850 DEOPT PACKING pc=0x0000020e14ed2058 sp=0x000000b48aafd750
Event: 20.967 Thread 0x0000020e35599850 DEOPT UNPACKING pc=0x0000020e13f44422 sp=0x000000b48aafd688 mode 2
Event: 20.971 Thread 0x0000020e35599850 Uncommon trap: trap_request=0xffffff45 fr.pc=0x0000020e14f62920 relative=0x0000000000000340
Event: 20.971 Thread 0x0000020e35599850 Uncommon trap: reason=unstable_if action=reinterpret pc=0x0000020e14f62920 method=com.android.tools.r8.graph.k6.a(Lcom/android/tools/r8/graph/k6;)I @ 60 c2
Event: 20.971 Thread 0x0000020e35599850 DEOPT PACKING pc=0x0000020e14f62920 sp=0x000000b48aafcd40
Event: 20.971 Thread 0x0000020e35599850 DEOPT UNPACKING pc=0x0000020e13f44422 sp=0x000000b48aafcc58 mode 2
Event: 20.972 Thread 0x0000020e355970f0 DEOPT PACKING pc=0x0000020e0e9dce07 sp=0x000000b48affcb40
Event: 20.972 Thread 0x0000020e355970f0 DEOPT UNPACKING pc=0x0000020e13f44bc2 sp=0x000000b48affbfb8 mode 0
Event: 20.977 Thread 0x0000020e3559ac00 DEOPT PACKING pc=0x0000020e0eb0f055 sp=0x000000b48b0fc850
Event: 20.977 Thread 0x0000020e3559ac00 DEOPT UNPACKING pc=0x0000020e13f44bc2 sp=0x000000b48b0fbcc8 mode 0
Event: 20.977 Thread 0x0000020e3559ac00 DEOPT PACKING pc=0x0000020e0eb0f055 sp=0x000000b48b0fc8b0
Event: 20.977 Thread 0x0000020e3559ac00 DEOPT UNPACKING pc=0x0000020e13f44bc2 sp=0x000000b48b0fbd18 mode 0

Classes loaded (20 events):
Event: 20.470 Loading class java/net/URLEncoder
Event: 20.471 Loading class java/net/URLEncoder done
Event: 20.605 Loading class java/nio/file/StandardCopyOption
Event: 20.606 Loading class java/nio/file/StandardCopyOption done
Event: 20.606 Loading class sun/nio/fs/WindowsFileCopy
Event: 20.607 Loading class sun/nio/fs/WindowsFileCopy done
Event: 20.695 Loading class java/io/PushbackInputStream
Event: 20.695 Loading class java/io/PushbackInputStream done
Event: 20.875 Loading class java/nio/BufferUnderflowException
Event: 20.875 Loading class java/nio/BufferUnderflowException done
Event: 20.954 Loading class java/nio/HeapShortBuffer
Event: 20.955 Loading class java/nio/HeapShortBuffer done
Event: 20.965 Loading class java/util/AbstractList$RandomAccessSubList
Event: 20.965 Loading class java/util/AbstractList$SubList
Event: 20.966 Loading class java/util/AbstractList$SubList done
Event: 20.966 Loading class java/util/AbstractList$RandomAccessSubList done
Event: 20.966 Loading class java/util/AbstractList$SubList$1
Event: 20.966 Loading class java/util/AbstractList$SubList$1 done
Event: 20.975 Loading class java/nio/file/Files$2
Event: 20.975 Loading class java/nio/file/Files$2 done

Classes unloaded (20 events):
Event: 18.396 Thread 0x0000020e22135a30 Unloading class 0x0000000801460800 'java/lang/invoke/LambdaForm$DMH+0x0000000801460800'
Event: 18.396 Thread 0x0000020e22135a30 Unloading class 0x0000000801460c00 'java/lang/invoke/LambdaForm$DMH+0x0000000801460c00'
Event: 18.396 Thread 0x0000020e22135a30 Unloading class 0x0000000801461800 'java/lang/invoke/LambdaForm$DMH+0x0000000801461800'
Event: 18.396 Thread 0x0000020e22135a30 Unloading class 0x0000000801460000 'java/lang/invoke/LambdaForm$DMH+0x0000000801460000'
Event: 18.396 Thread 0x0000020e22135a30 Unloading class 0x0000000801462000 'java/lang/invoke/LambdaForm$DMH+0x0000000801462000'
Event: 18.396 Thread 0x0000020e22135a30 Unloading class 0x0000000801460400 'java/lang/invoke/LambdaForm$DMH+0x0000000801460400'
Event: 18.396 Thread 0x0000020e22135a30 Unloading class 0x0000000801462400 'java/lang/invoke/LambdaForm$DMH+0x0000000801462400'
Event: 18.396 Thread 0x0000020e22135a30 Unloading class 0x0000000801351c00 'java/lang/invoke/LambdaForm$DMH+0x0000000801351c00'
Event: 18.396 Thread 0x0000020e22135a30 Unloading class 0x0000000801351800 'java/lang/invoke/LambdaForm$DMH+0x0000000801351800'
Event: 18.396 Thread 0x0000020e22135a30 Unloading class 0x0000000801350800 'java/lang/invoke/LambdaForm$DMH+0x0000000801350800'
Event: 18.396 Thread 0x0000020e22135a30 Unloading class 0x0000000801350400 'java/lang/invoke/LambdaForm$DMH+0x0000000801350400'
Event: 18.396 Thread 0x0000020e22135a30 Unloading class 0x0000000801352400 'java/lang/invoke/LambdaForm$DMH+0x0000000801352400'
Event: 18.396 Thread 0x0000020e22135a30 Unloading class 0x0000000801352000 'java/lang/invoke/LambdaForm$DMH+0x0000000801352000'
Event: 18.396 Thread 0x0000020e22135a30 Unloading class 0x0000000801351400 'java/lang/invoke/LambdaForm$DMH+0x0000000801351400'
Event: 18.396 Thread 0x0000020e22135a30 Unloading class 0x0000000801351000 'java/lang/invoke/LambdaForm$DMH+0x0000000801351000'
Event: 18.396 Thread 0x0000020e22135a30 Unloading class 0x0000000801350c00 'java/lang/invoke/LambdaForm$DMH+0x0000000801350c00'
Event: 18.396 Thread 0x0000020e22135a30 Unloading class 0x00000008012bc800 'java/lang/invoke/LambdaForm$DMH+0x00000008012bc800'
Event: 18.396 Thread 0x0000020e22135a30 Unloading class 0x00000008012bd000 'java/lang/invoke/LambdaForm$DMH+0x00000008012bd000'
Event: 18.396 Thread 0x0000020e22135a30 Unloading class 0x00000008012bcc00 'java/lang/invoke/LambdaForm$DMH+0x00000008012bcc00'
Event: 18.396 Thread 0x0000020e22135a30 Unloading class 0x00000008012bc400 'java/lang/invoke/LambdaForm$DMH+0x00000008012bc400'

Classes redefined (0 events):
No events

Internal exceptions (20 events):
Event: 20.948 Thread 0x0000020e3559ac00 Exception <a 'sun/nio/fs/WindowsException'{0x00000007ff3e9e98}> (0x00000007ff3e9e98) 
thrown [s\src\hotspot\share\prims\jni.cpp, line 537]
Event: 20.948 Thread 0x0000020e3559ac00 Exception <a 'sun/nio/fs/WindowsException'{0x00000007ff3f1750}> (0x00000007ff3f1750) 
thrown [s\src\hotspot\share\prims\jni.cpp, line 537]
Event: 20.949 Thread 0x0000020e3559ac00 Exception <a 'sun/nio/fs/WindowsException'{0x00000007ff3f9068}> (0x00000007ff3f9068) 
thrown [s\src\hotspot\share\prims\jni.cpp, line 537]
Event: 20.950 Thread 0x0000020e3559ac00 Exception <a 'sun/nio/fs/WindowsException'{0x00000007ff000be0}> (0x00000007ff000be0) 
thrown [s\src\hotspot\share\prims\jni.cpp, line 537]
Event: 20.951 Thread 0x0000020e3559ac00 Exception <a 'sun/nio/fs/WindowsException'{0x00000007ff008518}> (0x00000007ff008518) 
thrown [s\src\hotspot\share\prims\jni.cpp, line 537]
Event: 20.952 Thread 0x0000020e3559ac00 Exception <a 'sun/nio/fs/WindowsException'{0x00000007ff00fe50}> (0x00000007ff00fe50) 
thrown [s\src\hotspot\share\prims\jni.cpp, line 537]
Event: 20.953 Thread 0x0000020e3559ac00 Exception <a 'sun/nio/fs/WindowsException'{0x00000007ff0179e0}> (0x00000007ff0179e0) 
thrown [s\src\hotspot\share\prims\jni.cpp, line 537]
Event: 20.962 Thread 0x0000020e3559ac00 Exception <a 'sun/nio/fs/WindowsException'{0x00000007ff020308}> (0x00000007ff020308) 
thrown [s\src\hotspot\share\prims\jni.cpp, line 537]
Event: 20.963 Thread 0x0000020e35596a60 Exception <a 'sun/nio/fs/WindowsException'{0x00000007ff4c36b8}> (0x00000007ff4c36b8) 
thrown [s\src\hotspot\share\prims\jni.cpp, line 537]
Event: 20.965 Thread 0x0000020e35595d40 Exception <a 'java/lang/NoSuchMethodError'{0x00000007ff397428}: 'long java.lang.invoke.DirectMethodHandle$Holder.invokeStatic(java.lang.Object, java.lang.Object, java.lang.Object)'> (0x00000007ff397428) 
thrown [s\src\hotspot\share\interpreter\linkResolver.cpp, line 784]
Event: 20.965 Thread 0x0000020e355991c0 Exception <a 'java/lang/NoSuchMethodError'{0x00000007ff4eb4b8}: 'long java.lang.invoke.DirectMethodHandle$Holder.invokeStatic(java.lang.Object, java.lang.Object, java.lang.Object)'> (0x00000007ff4eb4b8) 
thrown [s\src\hotspot\share\interpreter\linkResolver.cpp, line 784]
Event: 20.965 Thread 0x0000020e35596a60 Exception <a 'java/lang/NoSuchMethodError'{0x00000007ff4cb398}: 'long java.lang.invoke.DirectMethodHandle$Holder.invokeStatic(java.lang.Object, java.lang.Object, java.lang.Object)'> (0x00000007ff4cb398) 
thrown [s\src\hotspot\share\interpreter\linkResolver.cpp, line 784]
Event: 20.965 Thread 0x0000020e3559ac00 Exception <a 'java/lang/NoSuchMethodError'{0x00000007ff134cc0}: 'long java.lang.invoke.DirectMethodHandle$Holder.invokeStatic(java.lang.Object, java.lang.Object, java.lang.Object)'> (0x00000007ff134cc0) 
thrown [s\src\hotspot\share\interpreter\linkResolver.cpp, line 784]
Event: 20.965 Thread 0x0000020e35599850 Exception <a 'java/lang/NoSuchMethodError'{0x00000007ff0359d8}: 'long java.lang.invoke.DirectMethodHandle$Holder.invokeStatic(java.lang.Object, java.lang.Object, java.lang.Object)'> (0x00000007ff0359d8) 
thrown [s\src\hotspot\share\interpreter\linkResolver.cpp, line 784]
Event: 20.968 Thread 0x0000020e35599850 Exception <a 'sun/nio/fs/WindowsException'{0x00000007ff04b378}> (0x00000007ff04b378) 
thrown [s\src\hotspot\share\prims\jni.cpp, line 537]
Event: 20.973 Thread 0x0000020e35599850 Exception <a 'sun/nio/fs/WindowsException'{0x00000007ff0ae7e8}> (0x00000007ff0ae7e8) 
thrown [s\src\hotspot\share\prims\jni.cpp, line 537]
Event: 20.976 Thread 0x0000020e35599850 Exception <a 'sun/nio/fs/WindowsException'{0x00000007ff0b7600}> (0x00000007ff0b7600) 
thrown [s\src\hotspot\share\prims\jni.cpp, line 537]
Event: 20.976 Thread 0x0000020e355970f0 Exception <a 'sun/nio/fs/WindowsException'{0x0000000759b48130}> (0x0000000759b48130) 
thrown [s\src\hotspot\share\prims\jni.cpp, line 537]
Event: 20.978 Thread 0x0000020e35599850 Exception <a 'sun/nio/fs/WindowsException'{0x00000007ff0baad8}> (0x00000007ff0baad8) 
thrown [s\src\hotspot\share\prims\jni.cpp, line 537]
Event: 20.986 Thread 0x0000020e3559ac00 Exception <a 'sun/nio/fs/WindowsException'{0x0000000759901240}> (0x0000000759901240) 
thrown [s\src\hotspot\share\prims\jni.cpp, line 537]

ZGC Phase Switch (0 events):
No events

VM Operations (20 events):
Event: 19.893 Executing safepoint VM operation: ICBufferFull
Event: 19.895 Executing safepoint VM operation: ICBufferFull done
Event: 19.896 Executing non-safepoint VM operation: HandshakeAllThreads (Deoptimize)
Event: 19.896 Executing non-safepoint VM operation: HandshakeAllThreads (Deoptimize) done
Event: 19.899 Executing non-safepoint VM operation: HandshakeAllThreads (Deoptimize)
Event: 19.899 Executing non-safepoint VM operation: HandshakeAllThreads (Deoptimize) done
Event: 19.906 Executing non-safepoint VM operation: HandshakeAllThreads (Deoptimize)
Event: 19.906 Executing non-safepoint VM operation: HandshakeAllThreads (Deoptimize) done
Event: 20.222 Executing safepoint VM operation: ICBufferFull
Event: 20.223 Executing safepoint VM operation: ICBufferFull done
Event: 20.632 Executing safepoint VM operation: ICBufferFull
Event: 20.633 Executing safepoint VM operation: ICBufferFull done
Event: 20.890 Executing non-safepoint VM operation: HandshakeAllThreads (Deoptimize)
Event: 20.890 Executing non-safepoint VM operation: HandshakeAllThreads (Deoptimize) done
Event: 20.913 Executing safepoint VM operation: G1CollectForAllocation (G1 Evacuation Pause)
Event: 20.921 Executing safepoint VM operation: G1CollectForAllocation (G1 Evacuation Pause) done
Event: 20.958 Executing non-safepoint VM operation: HandshakeAllThreads (Deoptimize)
Event: 20.958 Executing non-safepoint VM operation: HandshakeAllThreads (Deoptimize) done
Event: 20.961 Executing non-safepoint VM operation: HandshakeAllThreads (Deoptimize)
Event: 20.961 Executing non-safepoint VM operation: HandshakeAllThreads (Deoptimize) done

Memory protections (0 events):
No events

Nmethod flushes (20 events):
Event: 18.411 Thread 0x0000020e22135a30 flushing  nmethod 0x0000020e0d276990
Event: 18.411 Thread 0x0000020e22135a30 flushing  nmethod 0x0000020e0d276f10
Event: 18.411 Thread 0x0000020e22135a30 flushing  nmethod 0x0000020e0d519f90
Event: 18.411 Thread 0x0000020e22135a30 flushing  nmethod 0x0000020e0d523710
Event: 18.411 Thread 0x0000020e22135a30 flushing  nmethod 0x0000020e0d5d2c10
Event: 18.411 Thread 0x0000020e22135a30 flushing  nmethod 0x0000020e0d641110
Event: 18.411 Thread 0x0000020e22135a30 flushing  nmethod 0x0000020e0d6c8d90
Event: 18.411 Thread 0x0000020e22135a30 flushing  nmethod 0x0000020e0d6c9510
Event: 18.411 Thread 0x0000020e22135a30 flushing  nmethod 0x0000020e0d6c9a10
Event: 18.411 Thread 0x0000020e22135a30 flushing  nmethod 0x0000020e0d6c9e90
Event: 18.411 Thread 0x0000020e22135a30 flushing  nmethod 0x0000020e0d7f6190
Event: 18.411 Thread 0x0000020e22135a30 flushing  nmethod 0x0000020e0dc28490
Event: 18.411 Thread 0x0000020e22135a30 flushing  nmethod 0x0000020e0ddea110
Event: 18.411 Thread 0x0000020e22135a30 flushing  nmethod 0x0000020e0deed110
Event: 18.411 Thread 0x0000020e22135a30 flushing  nmethod 0x0000020e0dfc3810
Event: 18.411 Thread 0x0000020e22135a30 flushing  nmethod 0x0000020e0dfcb710
Event: 18.411 Thread 0x0000020e22135a30 flushing  nmethod 0x0000020e0dfd3410
Event: 18.411 Thread 0x0000020e22135a30 flushing  nmethod 0x0000020e0dfd5810
Event: 18.411 Thread 0x0000020e22135a30 flushing  nmethod 0x0000020e0dfd6010
Event: 18.411 Thread 0x0000020e22135a30 flushing  nmethod 0x0000020e0dfd9310

Events (20 events):
Event: 13.815 Thread 0x0000020e2bd21740 Thread added: 0x0000020e342a8f90
Event: 13.815 Thread 0x0000020e2bd21740 Thread added: 0x0000020e342a8900
Event: 13.815 Thread 0x0000020e2bd21740 Thread added: 0x0000020e342a7550
Event: 13.815 Thread 0x0000020e2bd21740 Thread added: 0x0000020e342a8270
Event: 13.815 Thread 0x0000020e2bd21740 Thread added: 0x0000020e342abd80
Event: 13.831 Thread 0x0000020e2bd1e950 Thread added: 0x0000020e342ab6f0
Event: 15.380 Thread 0x0000020e2bd1e950 Thread added: 0x0000020e2bd1dc30
Event: 16.418 Thread 0x0000020e342a7550 Thread added: 0x0000020e35595d40
Event: 16.419 Thread 0x0000020e342a7550 Thread added: 0x0000020e35597780
Event: 16.420 Thread 0x0000020e342a7550 Thread added: 0x0000020e355991c0
Event: 16.421 Thread 0x0000020e342a7550 Thread added: 0x0000020e35599850
Event: 16.422 Thread 0x0000020e342a7550 Thread added: 0x0000020e355963d0
Event: 16.423 Thread 0x0000020e342a7550 Thread added: 0x0000020e35599ee0
Event: 16.431 Thread 0x0000020e342a7550 Thread added: 0x0000020e35596a60
Event: 16.432 Thread 0x0000020e342a7550 Thread added: 0x0000020e3559a570
Event: 16.434 Thread 0x0000020e342a7550 Thread added: 0x0000020e355970f0
Event: 16.435 Thread 0x0000020e342a7550 Thread added: 0x0000020e3559ac00
Event: 16.436 Thread 0x0000020e342a7550 Thread added: 0x0000020e3559b290
Event: 16.450 Thread 0x0000020e342a7550 Thread added: 0x0000020e3559bfb0
Event: 20.613 Thread 0x0000020e3559b290 Thread exited: 0x0000020e3559b290


Dynamic libraries:
0x00007ff706de0000 - 0x00007ff706dea000 	C:\Program Files\Android\Android Studio\jbr\bin\java.exe
0x00007ffd4de20000 - 0x00007ffd4e086000 	C:\WINDOWS\SYSTEM32\ntdll.dll
0x00007ffd4ca40000 - 0x00007ffd4cb09000 	C:\WINDOWS\System32\KERNEL32.DLL
0x00007ffd4b410000 - 0x00007ffd4b80a000 	C:\WINDOWS\System32\KERNELBASE.dll
0x00007ffd4b990000 - 0x00007ffd4badc000 	C:\WINDOWS\System32\ucrtbase.dll
0x00007ffd3a470000 - 0x00007ffd3a48b000 	C:\Program Files\Android\Android Studio\jbr\bin\VCRUNTIME140.dll
0x00007ffd3a850000 - 0x00007ffd3a868000 	C:\Program Files\Android\Android Studio\jbr\bin\jli.dll
0x00007ffd4cce0000 - 0x00007ffd4cea7000 	C:\WINDOWS\System32\USER32.dll
0x00007ffd35aa0000 - 0x00007ffd35d32000 	C:\WINDOWS\WinSxS\amd64_microsoft.windows.common-controls_6595b64144ccf1df_6.0.26100.8521_none_3e08b75ce33403b3\COMCTL32.dll
0x00007ffd4b0b0000 - 0x00007ffd4b0d7000 	C:\WINDOWS\System32\win32u.dll
0x00007ffd4bbf0000 - 0x00007ffd4bc99000 	C:\WINDOWS\System32\msvcrt.dll
0x00007ffd4d4e0000 - 0x00007ffd4d50b000 	C:\WINDOWS\System32\GDI32.dll
0x00007ffd4b220000 - 0x00007ffd4b34b000 	C:\WINDOWS\System32\gdi32full.dll
0x00007ffd4b0e0000 - 0x00007ffd4b183000 	C:\WINDOWS\System32\msvcp_win.dll
0x00007ffd4dce0000 - 0x00007ffd4dd12000 	C:\WINDOWS\System32\IMM32.DLL
0x00007ffd27f10000 - 0x00007ffd28002000 	C:\Program Files\Windhawk\Engine\1.6.1\64\windhawk.dll
0x00007ffd4dd20000 - 0x00007ffd4ddd6000 	C:\WINDOWS\System32\ADVAPI32.dll
0x00007ffd4c750000 - 0x00007ffd4c7fa000 	C:\WINDOWS\System32\sechost.dll
0x00007ffd4d3b0000 - 0x00007ffd4d4c8000 	C:\WINDOWS\System32\RPCRT4.dll
0x00007ffd3a460000 - 0x00007ffd3a46c000 	C:\Program Files\Android\Android Studio\jbr\bin\vcruntime140_1.dll
0x00007ffd03490000 - 0x00007ffd0351d000 	C:\Program Files\Android\Android Studio\jbr\bin\msvcp140.dll
0x00007ffcc2140000 - 0x00007ffcc2dd6000 	C:\Program Files\Android\Android Studio\jbr\bin\server\jvm.dll
0x00007ffd4cb90000 - 0x00007ffd4cc10000 	C:\WINDOWS\System32\WS2_32.dll
0x00007ffd4af10000 - 0x00007ffd4af6e000 	C:\WINDOWS\SYSTEM32\POWRPROF.dll
0x00007ffd42ca0000 - 0x00007ffd42cd6000 	C:\WINDOWS\SYSTEM32\WINMM.dll
0x00007ffd35d40000 - 0x00007ffd35d4b000 	C:\WINDOWS\SYSTEM32\VERSION.dll
0x00007ffd4aef0000 - 0x00007ffd4af04000 	C:\WINDOWS\SYSTEM32\UMPDC.dll
0x00007ffd49e40000 - 0x00007ffd49e5b000 	C:\WINDOWS\SYSTEM32\kernel.appcore.dll
0x00007ffd39830000 - 0x00007ffd3983a000 	C:\Program Files\Android\Android Studio\jbr\bin\jimage.dll
0x00007ffd48410000 - 0x00007ffd48652000 	C:\WINDOWS\SYSTEM32\DBGHELP.DLL
0x00007ffd4c020000 - 0x00007ffd4c3a3000 	C:\WINDOWS\System32\combase.dll
0x00007ffd4c800000 - 0x00007ffd4c8d9000 	C:\WINDOWS\System32\OLEAUT32.dll
0x00007ffd37380000 - 0x00007ffd373bb000 	C:\WINDOWS\SYSTEM32\dbgcore.DLL
0x00007ffd4bae0000 - 0x00007ffd4bb88000 	C:\WINDOWS\System32\bcryptPrimitives.dll
0x00007ffd3a5a0000 - 0x00007ffd3a5ae000 	C:\Program Files\Android\Android Studio\jbr\bin\instrument.dll
0x00007ffd39810000 - 0x00007ffd39830000 	C:\Program Files\Android\Android Studio\jbr\bin\java.dll
0x00007ffd38660000 - 0x00007ffd38678000 	C:\Program Files\Android\Android Studio\jbr\bin\zip.dll
0x00007ffd4d520000 - 0x00007ffd4dca4000 	C:\WINDOWS\System32\SHELL32.dll
0x00007ffd48c90000 - 0x00007ffd49510000 	C:\WINDOWS\SYSTEM32\windows.storage.dll
0x00007ffd4c3b0000 - 0x00007ffd4c4a6000 	C:\WINDOWS\System32\SHCORE.dll
0x00007ffd4d340000 - 0x00007ffd4d3a7000 	C:\WINDOWS\System32\shlwapi.dll
0x00007ffd4afd0000 - 0x00007ffd4aff9000 	C:\WINDOWS\SYSTEM32\profapi.dll
0x00007ffd396c0000 - 0x00007ffd396d0000 	C:\Program Files\Android\Android Studio\jbr\bin\net.dll
0x00007ffd42980000 - 0x00007ffd42aa9000 	C:\WINDOWS\SYSTEM32\WINHTTP.dll
0x00007ffd4a3b0000 - 0x00007ffd4a41c000 	C:\WINDOWS\system32\mswsock.dll
0x00007ffd38340000 - 0x00007ffd38356000 	C:\Program Files\Android\Android Studio\jbr\bin\nio.dll
0x00007ffd37f90000 - 0x00007ffd37fa0000 	C:\Program Files\Android\Android Studio\jbr\bin\verify.dll
0x00007ffd37600000 - 0x00007ffd37627000 	C:\Users\delos\.gradle\native\660c5614fbf4a5f2a75b1949f50a0caf5cd603558e7d8a26e50b933a0cfb79d1\windows-amd64\native-platform.dll
0x00007ffd09be0000 - 0x00007ffd09c57000 	C:\Users\delos\.gradle\native\0.2.8\x86_64-windows-gnu\gradle-fileevents.dll
0x00007ffd384f0000 - 0x00007ffd384f9000 	C:\Program Files\Android\Android Studio\jbr\bin\management.dll
0x00007ffd38330000 - 0x00007ffd3833b000 	C:\Program Files\Android\Android Studio\jbr\bin\management_ext.dll
0x00007ffd4c6b0000 - 0x00007ffd4c6b8000 	C:\WINDOWS\System32\PSAPI.DLL
0x00007ffd49980000 - 0x00007ffd499b3000 	C:\WINDOWS\SYSTEM32\IPHLPAPI.DLL
0x00007ffd4d510000 - 0x00007ffd4d51a000 	C:\WINDOWS\System32\NSI.dll
0x00007ffd38540000 - 0x00007ffd38549000 	C:\Program Files\Android\Android Studio\jbr\bin\extnet.dll
0x00007ffd4a690000 - 0x00007ffd4a6ab000 	C:\WINDOWS\SYSTEM32\CRYPTSP.dll
0x00007ffd49da0000 - 0x00007ffd49dd9000 	C:\WINDOWS\system32\rsaenh.dll
0x00007ffd4a460000 - 0x00007ffd4a493000 	C:\WINDOWS\SYSTEM32\USERENV.dll
0x00007ffd4afa0000 - 0x00007ffd4afca000 	C:\WINDOWS\SYSTEM32\bcrypt.dll
0x00007ffd4a6b0000 - 0x00007ffd4a6bc000 	C:\WINDOWS\SYSTEM32\CRYPTBASE.dll
0x00007ffd392d0000 - 0x00007ffd392d8000 	C:\WINDOWS\system32\wshunix.dll

JVMTI agents:
C:\Users\delos\.gradle\wrapper\dists\gradle-9.4.1-bin\arn2x92ynaizyzdaamcbpbhtj\gradle-9.4.1\lib\agents\gradle-instrumentation-agent-9.4.1.jar path:C:\Program Files\Android\Android Studio\jbr\bin\instrument.dll, loaded, initialized, instrumentlib options:none

dbghelp: loaded successfully - version: 4.0.5 - missing functions: none
symbol engine: initialized successfully - sym options: 0x614 - pdb path: .;C:\Program Files\Android\Android Studio\jbr\bin;C:\WINDOWS\SYSTEM32;C:\WINDOWS\WinSxS\amd64_microsoft.windows.common-controls_6595b64144ccf1df_6.0.26100.8521_none_3e08b75ce33403b3;C:\Program Files\Windhawk\Engine\1.6.1\64;C:\Program Files\Android\Android Studio\jbr\bin\server;C:\Users\delos\.gradle\native\660c5614fbf4a5f2a75b1949f50a0caf5cd603558e7d8a26e50b933a0cfb79d1\windows-amd64;C:\Users\delos\.gradle\native\0.2.8\x86_64-windows-gnu

VM Arguments:
jvm_args: --add-opens=java.base/java.lang=ALL-UNNAMED --add-opens=java.base/java.lang.invoke=ALL-UNNAMED --add-opens=java.base/java.util=ALL-UNNAMED --add-opens=java.prefs/java.util.prefs=ALL-UNNAMED --add-exports=jdk.compiler/com.sun.tools.javac.api=ALL-UNNAMED --add-exports=jdk.compiler/com.sun.tools.javac.util=ALL-UNNAMED --add-opens=java.base/java.util=ALL-UNNAMED --add-opens=java.prefs/java.util.prefs=ALL-UNNAMED --add-opens=java.base/java.nio.charset=ALL-UNNAMED --add-opens=java.base/java.net=ALL-UNNAMED --add-opens=java.base/java.util.concurrent=ALL-UNNAMED --add-opens=java.base/java.util.concurrent.atomic=ALL-UNNAMED --add-opens=java.xml/javax.xml.namespace=ALL-UNNAMED --add-opens=java.base/java.time=ALL-UNNAMED -Xmx3072m -Dfile.encoding=UTF-8 -Duser.country=US -Duser.language=en -Duser.variant -javaagent:C:\Users\delos\.gradle\wrapper\dists\gradle-9.4.1-bin\arn2x92ynaizyzdaamcbpbhtj\gradle-9.4.1\lib\agents\gradle-instrumentation-agent-9.4.1.jar 
java_command: org.gradle.launcher.daemon.bootstrap.GradleDaemon 9.4.1
java_class_path (initial): C:\Users\delos\.gradle\wrapper\dists\gradle-9.4.1-bin\arn2x92ynaizyzdaamcbpbhtj\gradle-9.4.1\lib\gradle-daemon-main-9.4.1.jar
Launcher Type: SUN_STANDARD

[Global flags]
     intx CICompilerCount                          = 4                                         {product} {ergonomic}
     uint ConcGCThreads                            = 3                                         {product} {ergonomic}
     uint G1ConcRefinementThreads                  = 10                                        {product} {ergonomic}
   size_t G1HeapRegionSize                         = 2097152                                   {product} {ergonomic}
    uintx GCDrainStackTargetSize                   = 64                                        {product} {ergonomic}
   size_t InitialHeapSize                          = 132120576                                 {product} {ergonomic}
   size_t MarkStackSize                            = 4194304                                   {product} {ergonomic}
   size_t MaxHeapSize                              = 3221225472                                {product} {command line}
   size_t MaxNewSize                               = 1931476992                                {product} {ergonomic}
   size_t MinHeapDeltaBytes                        = 2097152                                   {product} {ergonomic}
   size_t MinHeapSize                              = 8388608                                   {product} {ergonomic}
    uintx NonNMethodCodeHeapSize                   = 5839372                                {pd product} {ergonomic}
    uintx NonProfiledCodeHeapSize                  = 122909434                              {pd product} {ergonomic}
    uintx ProfiledCodeHeapSize                     = 122909434                              {pd product} {ergonomic}
    uintx ReservedCodeCacheSize                    = 251658240                              {pd product} {ergonomic}
     bool SegmentedCodeCache                       = true                                      {product} {ergonomic}
   size_t SoftMaxHeapSize                          = 3221225472                             {manageable} {ergonomic}
     bool UseCompressedOops                        = true                           {product lp64_product} {ergonomic}
     bool UseG1GC                                  = true                                      {product} {ergonomic}
     bool UseLargePagesIndividualAllocation        = false                                  {pd product} {ergonomic}

Logging:
Log output configuration:
 #0: stdout all=warning uptime,level,tags foldmultilines=false
 #1: stderr all=off uptime,level,tags foldmultilines=false

Release file:
JAVA_VERSION="21.0.10" 
MODULES="java.base java.compiler java.datatransfer java.xml java.prefs java.desktop java.instrument java.logging java.management java.security.sasl java.naming java.rmi java.management.rmi java.net.http java.scripting java.security.jgss java.transaction.xa java.sql java.sql.rowset java.xml.crypto java.se java.smartcardio jdk.accessibility jdk.internal.jvmstat jdk.attach jdk.charsets jdk.internal.opt jdk.zipfs jdk.compiler jdk.crypto.ec jdk.crypto.cryptoki jdk.dynalink jdk.hotspot.agent jdk.httpserver jdk.internal.ed jdk.internal.le jdk.internal.vm.ci jdk.jartool jdk.javadoc jdk.jcmd jdk.jdeps jdk.jdwp.agent jdk.jdi jdk.jfr jdk.jlink jdk.jsobject jdk.localedata jdk.management jdk.management.agent jdk.management.jfr jdk.naming.dns jdk.naming.rmi jdk.net jdk.sctp jdk.security.auth jdk.security.jgss jdk.unsupported jdk.unsupported.desktop jdk.xml.dom" 
IMPLEMENTOR="JetBrains s.r.o." 
JAVA_RUNTIME_VERSION="21.0.10+-14961533-b1163.108" 
LIBC="default" 
OS_ARCH="x86_64" 
OS_NAME="Windows" 
SOURCE=".:git:1351622c2ff2" 

Environment Variables:
PATH=C:\Program Files (x86)\Common Files\Oracle\Java\javapath;C:\WINDOWS\system32;C:\WINDOWS;C:\WINDOWS\System32\Wbem;C:\WINDOWS\System32\WindowsPowerShell\v1.0\;C:\WINDOWS\System32\OpenSSH\;C:\Program Files\dotnet\;C:\Program Files\nodejs\;C:\Program Files\Microsoft SQL Server\150\Tools\Binn\;C:\Program Files\Microsoft SQL Server\Client SDK\ODBC\170\Tools\Binn\;C:\ProgramData\ComposerSetup\bin;C:\Program Files\PuTTY\;C:\Program Files\Git\cmd;C:\Users\delos\AppData\Local\Microsoft\WindowsApps;C:\Users\delos\AppData\Local\Programs\Microsoft VS Code\bin;C:\laragon\bin\php\php-8.1.10-Win32-vs16-x64\;C:\Users\delos\AppData\Roaming\npm;C:\Users\delos\.dotnet\tools;C:\Users\delos\AppData\Roaming\Composer\vendor\bin;C:\Users\delos\AppData\Local\Microsoft\WinGet\Links;C:\Users\delos\AppData\Local\Microsoft\WinGet\Packages\yt-dlp.FFmpeg_Microsoft.Winget.Source_8wekyb3d8bbwe\ffmpeg-N-123074-g4e32fb4c2a-win64-gpl/bin;;C:\Users\delos\AppData\Local\Programs\Ollama
USERNAME=delos
OS=Windows_NT
PROCESSOR_IDENTIFIER=Intel64 Family 6 Model 154 Stepping 4, GenuineIntel
TMP=C:\Users\delos\AppData\Local\Temp
TEMP=C:\Users\delos\AppData\Local\Temp




Periodic native trim disabled

JNI global refs:
JNI global refs: 31, weak refs: 68

JNI global refs memory usage: 835, weak refs: 2097

Process memory usage:
Resident Set Size: 657532K (8% of 8208784K total physical memory with 837132K free physical memory)

OOME stack traces (most recent first):
Classloader memory used:
Loader org.gradle.internal.classloader.VisitableURLClassLoader$InstrumentingVisitableURLClassLoader: 59006K
Loader org.gradle.internal.classloader.VisitableURLClassLoader                         : 45993K
Loader bootstrap                                                                       : 29494K
Loader org.gradle.initialization.MixInLegacyTypesClassLoader                           : 13312K
Loader jdk.internal.reflect.DelegatingClassLoader                                      : 502K
Loader org.gradle.internal.classloader.VisitableURLClassLoader                         : 247K
Loader jdk.internal.loader.ClassLoaders$AppClassLoader                                 : 192K
Loader jdk.internal.loader.ClassLoaders$PlatformClassLoader                            : 149K
Loader org.gradle.groovy.scripts.internal.DefaultScriptCompilationHandler$ScriptClassLoader: 127K

Classes loaded by more than one classloader:
Class Program                                                                         : loaded 5 times (x 72B)
Class Build_gradle                                                                    : loaded 3 times (x 126B)
Class com.google.common.collect.RegularImmutableMap$KeySet                            : loaded 2 times (x 152B)
Class org.gradle.internal.classloader.FilteringClassLoader                            : loaded 2 times (x 105B)
Class com.google.common.base.CharMatcher$IsEither                                     : loaded 2 times (x 111B)
Class org.gradle.internal.classloader.ClassLoaderHierarchy                            : loaded 2 times (x 70B)
Class com.google.common.collect.ImmutableEnumSet                                      : loaded 2 times (x 146B)
Class com.google.common.util.concurrent.ExecutionError                                : loaded 2 times (x 82B)
Class com.google.common.collect.ImmutableList$1                                       : loaded 2 times (x 97B)
Class com.google.common.io.ByteArrayDataOutput                                        : loaded 2 times (x 70B)
Class com.google.common.collect.RegularImmutableMap                                   : loaded 2 times (x 121B)
Class com.google.common.collect.ImmutableMap$MapViewOfValuesAsSingletonSets           : loaded 2 times (x 126B)
Class [Lorg.objectweb.asm.Symbol;                                                     : loaded 2 times (x 69B)
Class org.objectweb.asm.ClassVisitor                                                  : loaded 2 times (x 88B)
Class com.google.common.collect.UnmodifiableListIterator                              : loaded 2 times (x 95B)
Class com.google.common.base.Platform$JdkPatternCompiler                              : loaded 2 times (x 75B)
Class org.objectweb.asm.MethodTooLargeException                                       : loaded 2 times (x 83B)
Class [Lcom.google.common.cache.CacheBuilder$OneWeigher;                              : loaded 2 times (x 69B)
Class com.google.common.base.Suppliers                                                : loaded 2 times (x 71B)
Class ijJvmDebugger1_cao8232z4ije7eb1wldzzfxxs$_run_closure1                          : loaded 2 times (x 139B)
Class org.gradle.internal.classloader.DefaultClassLoaderFactory                       : loaded 2 times (x 82B)
Class com.google.common.io.ByteSource$ConcatenatedByteSource                          : loaded 2 times (x 85B)
Class [Lcom.google.common.collect.ImmutableMapEntry;                                  : loaded 2 times (x 69B)
Class com.google.common.collect.CollectSpliterators$1WithCharacteristics              : loaded 2 times (x 90B)
Class com.google.common.collect.ImmutableRangeSet                                     : loaded 2 times (x 115B)
Class com.google.common.collect.ListMultimap                                          : loaded 2 times (x 70B)
Class com.google.common.collect.ImmutableEnumMap                                      : loaded 2 times (x 126B)
Class com.google.common.collect.Sets$1                                                : loaded 2 times (x 139B)
Class org.objectweb.asm.AnnotationVisitor                                             : loaded 2 times (x 78B)
Class org.gradle.api.internal.DefaultClassPathProvider                                : loaded 2 times (x 76B)
Class com.google.common.collect.Sets$2                                                : loaded 2 times (x 139B)
Class [Lorg.gradle.api.internal.ClassPathProvider;                                    : loaded 2 times (x 69B)
Class org.gradle.api.internal.ClassPathProvider                                       : loaded 2 times (x 70B)
Class [Lorg.objectweb.asm.AnnotationVisitor;                                          : loaded 2 times (x 69B)
Class com.google.common.collect.Sets$3                                                : loaded 2 times (x 139B)
Class com.google.common.cache.LocalCache$LocalLoadingCache                            : loaded 2 times (x 134B)
Class org.gradle.internal.service.UnknownServiceException                             : loaded 2 times (x 83B)
Class com.google.common.io.ByteArrayDataInput                                         : loaded 2 times (x 70B)
Class com.google.common.collect.Sets$4                                                : loaded 2 times (x 139B)
Class org.objectweb.asm.ModuleVisitor                                                 : loaded 2 times (x 81B)
Class com.google.common.cache.LocalCache$Strength$1                                   : loaded 2 times (x 81B)
Class com.google.common.util.concurrent.SettableFuture                                : loaded 2 times (x 114B)
Class com.google.common.cache.LocalCache$Strength$2                                   : loaded 2 times (x 81B)
Class com.google.common.io.ByteStreams                                                : loaded 2 times (x 71B)
Class com.google.common.cache.LocalCache$Strength$3                                   : loaded 2 times (x 81B)
Class com.google.common.collect.MapDifference                                         : loaded 2 times (x 70B)
Class org.objectweb.asm.FieldWriter                                                   : loaded 2 times (x 78B)
Class com.google.common.cache.CacheBuilder$NullListener                               : loaded 2 times (x 82B)
Class org.gradle.internal.classpath.TransformedClassPath                              : loaded 2 times (x 96B)
Class org.gradle.internal.classloader.InstrumentingClassLoader                        : loaded 2 times (x 70B)
Class com.google.common.collect.ImmutableRangeSet$AsSet                               : loaded 2 times (x 300B)
Class com.google.common.cache.CacheLoader$FunctionToCacheLoader                       : loaded 2 times (x 75B)
Class com.google.common.collect.Iterators$ArrayItr                                    : loaded 2 times (x 97B)
Class com.google.common.collect.ImmutableCollection$Builder                           : loaded 2 times (x 76B)
Class ijKotlinCoroutineJvmDebugInit1_4wmeci4zepf39r1twk8ogib22                        : loaded 2 times (x 171B)
Class com.google.common.collect.BaseImmutableMultimap                                 : loaded 2 times (x 123B)
Class com.google.common.base.Joiner                                                   : loaded 2 times (x 79B)
Class com.google.common.base.MoreObjects                                              : loaded 2 times (x 71B)
Class com.google.common.collect.Platform                                              : loaded 2 times (x 71B)
Class com.google.common.base.Equivalence$Identity                                     : loaded 2 times (x 82B)
Class com.google.common.collect.UnmodifiableIterator                                  : loaded 2 times (x 80B)
Class org.gradle.internal.service.ServiceLocator                                      : loaded 2 times (x 70B)
Class com.google.common.base.Ascii                                                    : loaded 2 times (x 71B)
Class com.google.common.collect.SingletonImmutableBiMap                               : loaded 2 times (x 143B)
Class com.google.common.cache.LocalCache$1                                            : loaded 2 times (x 89B)
Class com.google.common.collect.Iterators$SingletonIterator                           : loaded 2 times (x 81B)
Class com.google.common.collect.AbstractMapEntry                                      : loaded 2 times (x 81B)
Class com.google.common.io.ByteSource$ByteArrayByteSource                             : loaded 2 times (x 85B)
Class com.google.common.collect.Sets$ImprovedAbstractSet                              : loaded 2 times (x 135B)
Class com.google.common.collect.ImmutableList$Builder                                 : loaded 2 times (x 77B)
Class com.google.common.collect.AbstractMultimap                                      : loaded 2 times (x 123B)
Class com.google.common.cache.LocalCache$2                                            : loaded 2 times (x 142B)
Class com.google.common.collect.ImmutableRangeSet$1                                   : loaded 2 times (x 210B)
Class com.google.common.collect.RegularImmutableAsList                                : loaded 2 times (x 217B)
Class com.google.common.collect.Range                                                 : loaded 2 times (x 87B)
Class com.google.common.base.Optional                                                 : loaded 2 times (x 80B)
Class com.google.common.util.concurrent.AbstractFuture$Trusted                        : loaded 2 times (x 70B)
Class com.google.common.collect.Iterators                                             : loaded 2 times (x 71B)
Class com.google.common.collect.Lists$StringAsImmutableList                           : loaded 2 times (x 207B)
Class com.google.common.util.concurrent.UncheckedExecutionException                   : loaded 2 times (x 82B)
Class org.gradle.kotlin.dsl.VersionCatalogAccessorsKt                                 : loaded 2 times (x 71B)
Class com.google.common.collect.AbstractMapBasedMultimap$KeySet$1                     : loaded 2 times (x 82B)
Class org.objectweb.asm.ClassWriter                                                   : loaded 2 times (x 106B)
Class com.google.common.base.CharMatcher$And                                          : loaded 2 times (x 112B)
Class com.google.common.cache.CacheLoader$UnsupportedLoadingOperationException        : loaded 2 times (x 82B)
Class com.google.common.base.Objects                                                  : loaded 2 times (x 71B)
Class org.objectweb.asm.FieldVisitor                                                  : loaded 2 times (x 77B)
Class com.google.common.collect.IndexedImmutableSet                                   : loaded 2 times (x 152B)
Class com.google.common.collect.ImmutableMap$1                                        : loaded 2 times (x 81B)
Class com.google.common.collect.BiMap                                                 : loaded 2 times (x 70B)
Class org.gradle.api.internal.classpath.DefaultModuleRegistry$DefaultModule           : loaded 2 times (x 82B)
Class com.google.common.base.Absent                                                   : loaded 2 times (x 80B)
Class com.google.common.primitives.Ints                                               : loaded 2 times (x 71B)
Class com.google.common.collect.AbstractIterator                                      : loaded 2 times (x 82B)
Class com.google.common.collect.ObjectArrays                                          : loaded 2 times (x 71B)
Class com.google.common.math.MathPreconditions                                        : loaded 2 times (x 71B)
Class com.google.common.collect.Multiset                                              : loaded 2 times (x 70B)
Class com.google.common.collect.ArrayListMultimapGwtSerializationDependencies         : loaded 2 times (x 172B)
Class com.google.common.collect.AbstractIndexedListIterator                           : loaded 2 times (x 96B)
Class com.google.common.collect.ImmutableMapEntrySet                                  : loaded 2 times (x 152B)
Class org.gradle.api.internal.classpath.Module                                        : loaded 2 times (x 70B)
Class com.google.common.cache.Weigher                                                 : loaded 2 times (x 70B)
Class org.gradle.api.internal.classpath.UnknownModuleException                        : loaded 2 times (x 82B)
Class com.google.common.base.Stopwatch                                                : loaded 2 times (x 72B)
Class com.google.common.cache.LocalCache$Strength                                     : loaded 2 times (x 81B)
Class com.google.common.cache.Cache                                                   : loaded 2 times (x 70B)
Class com.google.common.base.NullnessCasts                                            : loaded 2 times (x 71B)
Class com.google.common.util.concurrent.AbstractFuture$Cancellation                   : loaded 2 times (x 72B)
Class com.google.common.collect.ImmutableMap$Builder                                  : loaded 2 times (x 82B)
Class com.google.common.base.Present                                                  : loaded 2 times (x 81B)
Class com.google.common.cache.RemovalListener                                         : loaded 2 times (x 70B)
Class ijKotlinCoroutineJvmDebugInit1_4wmeci4zepf39r1twk8ogib22$_run_closure1          : loaded 2 times (x 139B)
Class org.gradle.api.internal.DefaultClassPathRegistry                                : loaded 2 times (x 76B)
Class com.google.common.primitives.IntsMethodsForWeb                                  : loaded 2 times (x 71B)
Class com.google.common.collect.Multimap                                              : loaded 2 times (x 70B)
Class org.gradle.internal.classpath.DefaultClassPath$ImmutableUniqueList              : loaded 2 times (x 199B)
Class org.gradle.api.internal.ClassPathRegistry                                       : loaded 2 times (x 70B)
Class com.google.common.base.ExtraObjectsMethodsForWeb                                : loaded 2 times (x 71B)
Class [Lorg.objectweb.asm.Type;                                                       : loaded 2 times (x 69B)
Class com.google.common.io.ByteSink                                                   : loaded 2 times (x 76B)
Class com.google.common.cache.CacheBuilder                                            : loaded 2 times (x 72B)
Class com.google.common.collect.SingletonImmutableList                                : loaded 2 times (x 207B)
Class Settings_gradle$1                                                               : loaded 2 times (x 74B)
Class org.gradle.internal.classpath.ClassPath                                         : loaded 2 times (x 70B)
Class com.google.common.io.Files$FileByteSource                                       : loaded 2 times (x 85B)
Class com.google.common.base.JdkPattern                                               : loaded 2 times (x 75B)
Class com.google.common.collect.ImmutableList$ReverseImmutableList                    : loaded 2 times (x 209B)
Class org.objectweb.asm.SymbolTable$Entry                                             : loaded 2 times (x 74B)
Class org.gradle.api.internal.classpath.DefaultModuleRegistry$DefaultModuleAlias      : loaded 2 times (x 80B)
Class org.objectweb.asm.Edge                                                          : loaded 2 times (x 72B)
Class com.google.common.base.Suppliers$SupplierOfInstance                             : loaded 2 times (x 79B)
Class com.google.common.collect.Iterators$1                                           : loaded 2 times (x 81B)
Class ijKotlinCoroutineJvmDebugInit1_4wmeci4zepf39r1twk8ogib22$_run_closure1$_closure2: loaded 2 times (x 139B)
Class com.google.common.cache.LocalCache$ComputingValueReference                      : loaded 2 times (x 96B)
Class com.google.common.collect.SingletonImmutableSet                                 : loaded 2 times (x 146B)
Class com.google.common.collect.ImmutableMap$IteratorBasedImmutableMap                : loaded 2 times (x 126B)
Class com.google.common.cache.LocalCache$Segment                                      : loaded 2 times (x 154B)
Class [Lcom.google.common.base.Supplier;                                              : loaded 2 times (x 69B)
Class com.google.common.collect.SortedIterable                                        : loaded 2 times (x 70B)
Class com.google.common.collect.AbstractListMultimap                                  : loaded 2 times (x 172B)
Class [Lorg.objectweb.asm.SymbolTable$Entry;                                          : loaded 2 times (x 69B)
Class com.google.common.cache.CacheLoader                                             : loaded 2 times (x 74B)
Class com.google.common.collect.Iterators$4                                           : loaded 2 times (x 82B)
Class com.google.common.collect.ImmutableBiMap                                        : loaded 2 times (x 143B)
Class org.gradle.api.internal.classpath.ModuleRegistry                                : loaded 2 times (x 70B)
Class org.gradle.internal.installation.GradleInstallation$1                           : loaded 2 times (x 75B)
Class com.google.common.collect.ImmutableSet$JdkBackedSetBuilderImpl                  : loaded 2 times (x 76B)
Class com.google.common.util.concurrent.internal.InternalFutureFailureAccess          : loaded 2 times (x 72B)
Class com.google.common.collect.Iterators$5                                           : loaded 2 times (x 82B)
Class com.google.common.base.CharMatcher$ForPredicate                                 : loaded 2 times (x 112B)
Class com.google.common.cache.LocalCache$LocalManualCache$1                           : loaded 2 times (x 75B)
Class com.google.common.base.CharMatcher$AnyOf                                        : loaded 2 times (x 112B)
Class com.google.common.collect.ImmutableCollection                                   : loaded 2 times (x 125B)
Class org.gradle.api.internal.classpath.DefaultModuleRegistry                         : loaded 2 times (x 84B)
Class com.google.common.collect.Lists                                                 : loaded 2 times (x 71B)
Class com.google.common.util.concurrent.ListenableFuture                              : loaded 2 times (x 70B)
Class com.google.common.cache.ReferenceEntry                                          : loaded 2 times (x 70B)
Class com.google.common.base.Converter                                                : loaded 2 times (x 90B)
Class com.google.common.collect.ImmutableSet$CachingAsList                            : loaded 2 times (x 148B)
Class com.google.common.collect.AbstractMapBasedMultimap                              : loaded 2 times (x 139B)
Class com.google.common.util.concurrent.AbstractFuture                                : loaded 2 times (x 106B)
Class com.google.common.base.FunctionalEquivalence                                    : loaded 2 times (x 83B)
Class com.google.common.collect.Iterators$9                                           : loaded 2 times (x 81B)
Class com.google.common.collect.ImmutableAsList                                       : loaded 2 times (x 209B)
Class org.objectweb.asm.RecordComponentVisitor                                        : loaded 2 times (x 77B)
Class com.google.common.cache.CacheLoader$SupplierToCacheLoader                       : loaded 2 times (x 75B)
Class com.google.common.collect.Maps$EntryTransformer                                 : loaded 2 times (x 70B)
Class org.gradle.internal.service.ServiceLookupException                              : loaded 2 times (x 82B)
Class com.google.common.collect.ImmutableSortedSet                                    : loaded 2 times (x 300B)
Class [Lcom.google.common.cache.LocalCache$EntryFactory;                              : loaded 2 times (x 69B)
Class org.gradle.internal.classloader.ClassLoaderFactory                              : loaded 2 times (x 70B)
Class com.google.common.collect.ImmutableMap$SerializedForm                           : loaded 2 times (x 73B)
Class com.google.common.base.CommonPattern                                            : loaded 2 times (x 74B)
Class com.google.common.base.CharMatcher$IsNot                                        : loaded 2 times (x 111B)
Class com.google.common.cache.LocalCache$LocalManualCache                             : loaded 2 times (x 99B)
Class org.gradle.internal.service.CachingServiceLocator                               : loaded 2 times (x 82B)
Class com.google.common.collect.RegularImmutableSortedSet                             : loaded 2 times (x 300B)
Class com.google.common.collect.AbstractMapBasedMultimap$KeySet                       : loaded 2 times (x 137B)
Class com.google.common.math.IntMath                                                  : loaded 2 times (x 71B)
Class com.google.common.collect.ImmutableMapEntry                                     : loaded 2 times (x 85B)
Class com.google.common.collect.ImmutableMultimap                                     : loaded 2 times (x 147B)
Class com.google.common.base.Equivalence                                              : loaded 2 times (x 82B)
Class com.google.common.base.Function                                                 : loaded 2 times (x 70B)
Class com.google.common.collect.ImmutableMapEntry$NonTerminalImmutableMapEntry        : loaded 2 times (x 85B)
Class com.google.common.collect.IndexedImmutableSet$1                                 : loaded 2 times (x 213B)
Class com.google.common.cache.CacheBuilder$OneWeigher                                 : loaded 2 times (x 82B)
Class com.google.common.collect.RegularImmutableList                                  : loaded 2 times (x 213B)
Class org.gradle.internal.classloader.ClasspathUtil                                   : loaded 2 times (x 71B)
Class com.google.common.util.concurrent.Uninterruptibles                              : loaded 2 times (x 71B)
Class com.google.common.io.CharSource                                                 : loaded 2 times (x 85B)
Class com.google.common.util.concurrent.LazyLogger                                    : loaded 2 times (x 72B)
Class com.google.common.collect.Maps                                                  : loaded 2 times (x 71B)
Class org.gradle.api.specs.Spec                                                       : loaded 2 times (x 70B)
Class [Lcom.google.common.collect.ImmutableEntry;                                     : loaded 2 times (x 69B)
Class com.google.common.cache.LocalCache$LoadingValueReference                        : loaded 2 times (x 96B)
Class ijJvmDebugger1_cao8232z4ije7eb1wldzzfxxs                                        : loaded 2 times (x 171B)
Class com.google.common.collect.CollectSpliterators                                   : loaded 2 times (x 71B)
Class com.google.common.base.Platform                                                 : loaded 2 times (x 71B)
Class [Lorg.objectweb.asm.AnnotationWriter;                                           : loaded 2 times (x 69B)
Class com.google.common.collect.Maps$8                                                : loaded 2 times (x 82B)
Class com.google.common.collect.ImmutableRangeSet$Builder                             : loaded 2 times (x 77B)
Class com.google.common.collect.Sets$SetView                                          : loaded 2 times (x 138B)
Class com.google.common.cache.LocalCache$StrongValueReference                         : loaded 2 times (x 90B)
Class com.google.common.graph.SuccessorsFunction                                      : loaded 2 times (x 70B)
Class org.objectweb.asm.Type                                                          : loaded 2 times (x 72B)
Class org.gradle.internal.classloader.VisitableURLClassLoader$InstrumentingVisitableURLClassLoader: loaded 2 times (x 123B)
Class com.google.common.io.Files$FileByteSink                                         : loaded 2 times (x 77B)
Class com.google.common.math.IntMath$1                                                : loaded 2 times (x 71B)
Class org.objectweb.asm.ByteVector                                                    : loaded 2 times (x 79B)
Class [Lcom.google.common.cache.CacheBuilder$NullListener;                            : loaded 2 times (x 69B)
Class org.gradle.internal.classloader.VisitableURLClassLoader$Spec                    : loaded 2 times (x 74B)
Class org.gradle.internal.classpath.DefaultClassPath                                  : loaded 2 times (x 90B)
Class org.objectweb.asm.Symbol                                                        : loaded 2 times (x 73B)
Class com.google.common.io.Closer                                                     : loaded 2 times (x 78B)
Class com.google.common.base.CharMatcher$BitSetMatcher                                : loaded 2 times (x 112B)
Class com.google.common.collect.ImmutableSet                                          : loaded 2 times (x 145B)
Class com.google.common.collect.RegularImmutableMap$Values                            : loaded 2 times (x 207B)
Class org.gradle.internal.classloader.ClassLoaderSpec                                 : loaded 2 times (x 71B)
Class com.google.common.io.ByteSource$EmptyByteSource                                 : loaded 2 times (x 85B)
Class org.objectweb.asm.AnnotationWriter                                              : loaded 2 times (x 79B)
Class com.google.common.cache.CacheStats                                              : loaded 2 times (x 71B)
Class com.google.common.io.LineProcessor                                              : loaded 2 times (x 70B)
Class com.google.common.io.Closer$Suppressor                                          : loaded 2 times (x 70B)
Class org.objectweb.asm.RecordComponentWriter                                         : loaded 2 times (x 78B)
Class com.google.common.util.concurrent.AbstractFuture$Listener                       : loaded 2 times (x 72B)
Class com.google.common.base.CharMatcher$Or                                           : loaded 2 times (x 112B)
Class Settings_gradle$1$1                                                             : loaded 2 times (x 74B)
Class org.gradle.api.internal.classpath.Module$ModuleAlias                            : loaded 2 times (x 70B)
Class org.objectweb.asm.Attribute                                                     : loaded 2 times (x 77B)
Class com.google.common.base.Supplier                                                 : loaded 2 times (x 70B)
Class org.gradle.internal.classloader.VisitableURLClassLoader                         : loaded 2 times (x 117B)
Class com.google.common.collect.ImmutableList$SerializedForm                          : loaded 2 times (x 73B)
Class Settings_gradle                                                                 : loaded 2 times (x 124B)
Class org.gradle.internal.Cast                                                        : loaded 2 times (x 71B)
Class org.gradle.api.Action                                                           : loaded 2 times (x 70B)
Class com.google.common.base.Strings                                                  : loaded 2 times (x 71B)
Class com.google.common.collect.Sets                                                  : loaded 2 times (x 71B)
Class org.objectweb.asm.Handler                                                       : loaded 2 times (x 72B)
Class com.google.common.base.CharMatcher$FastMatcher                                  : loaded 2 times (x 111B)
Class com.google.common.base.Ticker                                                   : loaded 2 times (x 72B)
Class [Lcom.google.common.cache.LocalCache$Segment;                                   : loaded 2 times (x 69B)
Class com.google.common.base.Predicate                                                : loaded 2 times (x 70B)
Class [Lcom.google.common.cache.LocalCache$Strength;                                  : loaded 2 times (x 69B)
Class com.google.common.cache.CacheBuilder$1                                          : loaded 2 times (x 85B)
Class com.google.common.collect.ImmutableMap                                          : loaded 2 times (x 120B)
Class org.gradle.internal.classpath.DefaultClassPath$ImmutableUniqueList$Builder      : loaded 2 times (x 75B)
Class com.google.common.collect.AbstractRangeSet                                      : loaded 2 times (x 114B)
Class com.google.common.base.CharMatcher$NegatedFastMatcher                           : loaded 2 times (x 113B)
Class com.google.common.cache.LocalCache                                              : loaded 2 times (x 187B)
Class com.google.common.cache.CacheBuilder$2                                          : loaded 2 times (x 79B)
Class com.google.common.collect.ArrayListMultimap                                     : loaded 2 times (x 172B)
Class com.google.common.cache.CacheBuilder$3                                          : loaded 2 times (x 72B)
Class [Lcom.google.common.collect.AbstractMapEntry;                                   : loaded 2 times (x 69B)
Class com.google.common.collect.ImmutableEntry                                        : loaded 2 times (x 82B)
Class org.gradle.api.GradleException                                                  : loaded 2 times (x 82B)
Class com.google.common.base.Suppliers$MemoizingSupplier                              : loaded 2 times (x 79B)
Class com.google.common.collect.CollectPreconditions                                  : loaded 2 times (x 71B)
Class com.google.common.collect.SortedMapDifference                                   : loaded 2 times (x 70B)
Class com.google.common.io.Files                                                      : loaded 2 times (x 71B)
Class com.google.common.cache.LocalCache$EntryFactory                                 : loaded 2 times (x 83B)
Class com.google.common.cache.LocalCache$AbstractReferenceEntry                       : loaded 2 times (x 107B)
Class org.gradle.internal.IoActions                                                   : loaded 2 times (x 71B)
Class com.google.common.collect.ImmutableRangeSet$ComplementRanges                    : loaded 2 times (x 207B)
Class org.objectweb.asm.SymbolTable                                                   : loaded 2 times (x 72B)
Class com.google.common.cache.CacheLoader$InvalidCacheLoadException                   : loaded 2 times (x 82B)
Class com.google.common.collect.ImmutableSet$RegularSetBuilderImpl                    : loaded 2 times (x 77B)
Class com.google.common.cache.LocalCache$StrongEntry                                  : loaded 2 times (x 108B)
Class com.google.common.util.concurrent.AbstractFuture$TrustedFuture                  : loaded 2 times (x 114B)
Class com.google.common.cache.LoadingCache                                            : loaded 2 times (x 70B)
Class com.google.common.io.ByteStreams$LimitedInputStream                             : loaded 2 times (x 92B)
Class com.google.common.base.Suppliers$NonSerializableMemoizingSupplier               : loaded 2 times (x 79B)
Class org.objectweb.asm.MethodWriter                                                  : loaded 2 times (x 106B)
Class [Lcom.google.common.cache.Weigher;                                              : loaded 2 times (x 69B)
Class com.google.common.collect.RegularImmutableMap$BucketOverflowException           : loaded 2 times (x 82B)
Class com.google.common.collect.RegularImmutableBiMap                                 : loaded 2 times (x 149B)
Class com.google.common.base.CharMatcher$Negated                                      : loaded 2 times (x 113B)
Class com.google.common.base.CharMatcher$Is                                           : loaded 2 times (x 111B)
Class com.google.common.cache.LocalCache$ValueReference                               : loaded 2 times (x 70B)
Class com.google.common.hash.PrimitiveSink                                            : loaded 2 times (x 70B)
Class com.google.common.base.PatternCompiler                                          : loaded 2 times (x 70B)
Class com.google.common.util.concurrent.AbstractFuture$Failure                        : loaded 2 times (x 72B)
Class com.google.common.base.Equivalence$Equals                                       : loaded 2 times (x 82B)
Class com.google.common.collect.Hashing                                               : loaded 2 times (x 71B)
Class com.google.common.base.Preconditions                                            : loaded 2 times (x 71B)
Class com.google.common.collect.ImmutableSetMultimap                                  : loaded 2 times (x 180B)
Class com.google.common.base.Joiner$1                                                 : loaded 2 times (x 80B)
Class org.objectweb.asm.Label                                                         : loaded 2 times (x 73B)
Class org.objectweb.asm.CurrentFrame                                                  : loaded 2 times (x 73B)
Class org.objectweb.asm.ClassTooLargeException                                        : loaded 2 times (x 83B)
Class com.google.common.base.CharMatcher                                              : loaded 2 times (x 111B)
Class com.google.common.collect.PeekingIterator                                       : loaded 2 times (x 70B)
Class com.google.common.collect.RangeGwtSerializationDependencies                     : loaded 2 times (x 71B)
Class com.google.common.io.ByteSource$AsCharSource                                    : loaded 2 times (x 86B)
Class com.google.common.collect.Maps$IteratorBasedAbstractMap                         : loaded 2 times (x 125B)
Class com.google.common.base.Joiner$2                                                 : loaded 2 times (x 79B)
Class org.objectweb.asm.Frame                                                         : loaded 2 times (x 73B)
Class org.objectweb.asm.MethodVisitor                                                 : loaded 2 times (x 105B)
Class com.google.common.base.CharMatcher$NamedFastMatcher                             : loaded 2 times (x 112B)
Class com.google.common.base.CharMatcher$1                                            : loaded 2 times (x 113B)
Class com.google.common.cache.LocalCache$EntryFactory$1                               : loaded 2 times (x 83B)
Class [Lcom.google.common.cache.RemovalListener;                                      : loaded 2 times (x 69B)
Class com.google.common.collect.RangeSet                                              : loaded 2 times (x 70B)
Class com.google.common.cache.LocalCache$EntryFactory$2                               : loaded 2 times (x 83B)
Class com.google.common.collect.CollectCollectors                                     : loaded 2 times (x 71B)
Class org.objectweb.asm.ModuleWriter                                                  : loaded 2 times (x 82B)
Class com.google.common.cache.LocalCache$EntryFactory$3                               : loaded 2 times (x 83B)
Class com.google.common.base.Ticker$1                                                 : loaded 2 times (x 72B)
Class com.google.common.collect.Maps$BiMapConverter                                   : loaded 2 times (x 90B)
Class com.google.common.collect.ImmutableMapEntrySet$RegularEntrySet                  : loaded 2 times (x 152B)
Class com.google.common.collect.SetMultimap                                           : loaded 2 times (x 70B)
Class com.google.common.collect.ImmutableSet$Builder                                  : loaded 2 times (x 85B)
Class com.google.common.base.CharMatcher$InRange                                      : loaded 2 times (x 111B)
Class com.google.common.cache.LocalCache$EntryFactory$4                               : loaded 2 times (x 83B)
Class com.google.common.io.ByteStreams$1                                              : loaded 2 times (x 85B)
Class com.google.common.cache.LocalCache$EntryFactory$5                               : loaded 2 times (x 83B)
Class com.google.common.base.PairwiseEquivalence                                      : loaded 2 times (x 83B)
Class com.google.common.cache.LocalCache$EntryFactory$6                               : loaded 2 times (x 83B)
Class org.gradle.internal.installation.CurrentGradleInstallationLocator               : loaded 2 times (x 71B)
Class com.google.common.io.ByteSource$SlicedByteSource                                : loaded 2 times (x 85B)
Class com.google.common.collect.Maps$KeySet                                           : loaded 2 times (x 137B)
Class com.google.common.collect.ImmutableSet$EmptySetBuilderImpl                      : loaded 2 times (x 76B)
Class com.google.common.cache.LocalCache$EntryFactory$7                               : loaded 2 times (x 83B)
Class com.google.common.collect.ImmutableList                                         : loaded 2 times (x 206B)
Class org.gradle.internal.service.DefaultServiceLocator                               : loaded 2 times (x 83B)
Class com.google.common.cache.LocalCache$EntryFactory$8                               : loaded 2 times (x 83B)
Class com.google.common.collect.ImmutableSet$SetBuilderImpl                           : loaded 2 times (x 76B)
Class org.gradle.internal.installation.CurrentGradleInstallation                      : loaded 2 times (x 73B)
Class com.google.common.cache.CacheLoader$1                                           : loaded 2 times (x 75B)
Class com.google.common.collect.ForwardingObject                                      : loaded 2 times (x 72B)
Class com.google.common.collect.ImmutableList$SubList                                 : loaded 2 times (x 209B)
Class org.gradle.util.internal.GUtil                                                  : loaded 2 times (x 71B)
Class com.google.common.io.ByteSource                                                 : loaded 2 times (x 84B)
Class com.google.common.cache.AbstractCache$StatsCounter                              : loaded 2 times (x 70B)
Class com.google.common.collect.Iterators$MergingIterator                             : loaded 2 times (x 81B)
Class com.google.common.collect.RegularImmutableSet                                   : loaded 2 times (x 149B)
Class org.gradle.internal.installation.GradleInstallation                             : loaded 2 times (x 75B)
Class com.google.common.collect.Iterables                                             : loaded 2 times (x 71B)
Class ijJvmDebugger1_cao8232z4ije7eb1wldzzfxxs$_run_closure1$_closure2                : loaded 2 times (x 140B)

---------------  S Y S T E M  ---------------

OS:
 Windows 11 , 64 bit Build 26100 (10.0.26100.8521)
OS uptime: 1 days 13:40 hours

CPU: total 12 (initial active 12) (6 cores per cpu, 2 threads per core) family 6 model 154 stepping 4 microcode 0x43b, cx8, cmov, fxsr, ht, mmx, 3dnowpref, sse, sse2, sse3, ssse3, sse4.1, sse4.2, popcnt, lzcnt, tsc, tscinvbit, avx, avx2, aes, erms, clmul, bmi1, bmi2, adx, sha, fma, vzeroupper, clflush, clflushopt, clwb, serialize, rdtscp, rdpid, fsrm, f16c, pku, cet_ibt, cet_ss
Processor Information for processor 0
  Max Mhz: 2500, Current Mhz: 1370, Mhz Limit: 1350
Processor Information for processor 1
  Max Mhz: 2500, Current Mhz: 1370, Mhz Limit: 1350
Processor Information for processor 2
  Max Mhz: 2500, Current Mhz: 1370, Mhz Limit: 1350
Processor Information for processor 3
  Max Mhz: 2500, Current Mhz: 1370, Mhz Limit: 1350
Processor Information for processor 4
  Max Mhz: 2500, Current Mhz: 2500, Mhz Limit: 2500
Processor Information for processor 5
  Max Mhz: 2500, Current Mhz: 2500, Mhz Limit: 2500
Processor Information for processor 6
  Max Mhz: 2500, Current Mhz: 2500, Mhz Limit: 2500
Processor Information for processor 7
  Max Mhz: 2500, Current Mhz: 2500, Mhz Limit: 2500
Processor Information for processor 8
  Max Mhz: 2500, Current Mhz: 2500, Mhz Limit: 2500
Processor Information for processor 9
  Max Mhz: 2500, Current Mhz: 2500, Mhz Limit: 2500
Processor Information for processor 10
  Max Mhz: 2500, Current Mhz: 2500, Mhz Limit: 2500
Processor Information for processor 11
  Max Mhz: 2500, Current Mhz: 2500, Mhz Limit: 2500

Memory: 4k page, system-wide physical 8016M (830M free)
TotalPageFile size 20516M (AvailPageFile size 13M)
current process WorkingSet (physical memory assigned to process): 647M, peak: 818M
current process commit charge ("private bytes"): 904M, peak: 909M

vm_info: OpenJDK 64-Bit Server VM (21.0.10+-14961533-b1163.108) for windows-amd64 JRE (21.0.10+-14961533-b1163.108), built on 2026-03-02T19:58:50Z by "builder" with MS VC++ 16.10 / 16.11 (VS2019)

END.
